{
  "type": "FeatureCollection",
  "features": [
    {
      "type": "Feature",
      "geometry": {
        "type": "LineString",
        "coordinates": [
          [
            72.9449796,
            19.0381285
          ],
          [
            72.9449535,
            19.0381648
          ],
          [
            72.9442715,
            19.0391112
          ],
          [
            72.9440412,
            19.0393801
          ],
          [
            72.9439112,
            19.0395121
          ],
          [
            72.9436094,
            19.0397137
          ],
          [
            72.9434775,
            19.039789
          ],
          [
            72.9433268,
            19.0398546
          ],
          [
            72.9425076,
            19.0400907
          ],
          [
            72.9423705,
            19.0401257
          ],
          [
            72.9404832,
            19.0406446
          ],
          [
            72.9393268,
            19.0409736
          ],
          [
            72.9390983,
            19.0410354
          ],
          [
            72.9381973,
            19.0412273
          ]
        ]
      },
      "properties": {
        "id": "B1-1",
        "type": "No Parking Zone",
        "permanence": "temporary",
        "division": "Chunabhatti",
        "notification": "150/DCP/East/Traff/Temp/2026",
        "pdf_url": "https://mtperp.mahatrafficechallan.gov.in/GetPublicNotice/822702/202606190000_822702_NotificationNo150DCPEastTraffTemp2026.pdf",
        "match_confidence": "fuzzy"
      }
    },
    {
      "type": "Feature",
      "geometry": {
        "type": "LineString",
        "coordinates": [
          [
            72.8611742,
            19.125969
          ],
          [
            72.8611549,
            19.1258755
          ],
          [
            72.861104,
            19.1255789
          ],
          [
            72.8611016,
            19.1255377
          ],
          [
            72.8610464,
            19.1251728
          ],
          [
            72.8609886,
            19.1247906
          ],
          [
            72.8609171,
            19.1244797
          ],
          [
            72.8608697,
            19.1242738
          ],
          [
            72.8608363,
            19.1241557
          ],
          [
            72.8607032,
            19.123684
          ],
          [
            72.8606227,
            19.1234085
          ],
          [
            72.8605159,
            19.1231172
          ],
          [
            72.8601111,
            19.1225797
          ],
          [
            72.8600848,
            19.1225448
          ],
          [
            72.8599292,
            19.1223536
          ],
          [
            72.8598116,
            19.1222312
          ],
          [
            72.8596874,
            19.1218335
          ],
          [
            72.8595146,
            19.1212799
          ]
        ]
      },
      "properties": {
        "id": "B1-5",
        "type": "Odd-Even Parking Zone",
        "permanence": "temporary",
        "division": "MIDC",
        "notification": "138/DCP/East/Traff/Temp/2026",
        "pdf_url": "https://mtperp.mahatrafficechallan.gov.in/GetPublicNotice/822602/202605270000_822602_NotificationNo138DCPEastTraffTemp2026.pdf",
        "match_confidence": "fuzzy"
      }
    },
    {
      "type": "Feature",
      "geometry": {
        "type": "LineString",
        "coordinates": [
          [
            72.8558417,
            19.1163091
          ],
          [
            72.8558832,
            19.116536
          ],
          [
            72.8559018,
            19.1166374
          ],
          [
            72.855923,
            19.1167533
          ],
          [
            72.8559406,
            19.1171095
          ],
          [
            72.8560918,
            19.1174368
          ],
          [
            72.8563884,
            19.1177312
          ],
          [
            72.8566789,
            19.1180324
          ],
          [
            72.8566837,
            19.1180374
          ],
          [
            72.8568318,
            19.1183108
          ],
          [
            72.8568823,
            19.1186156
          ],
          [
            72.8568917,
            19.1188343
          ],
          [
            72.8570044,
            19.1191181
          ],
          [
            72.8570956,
            19.1193158
          ],
          [
            72.8570903,
            19.1194374
          ]
        ]
      },
      "properties": {
        "id": "B1-8",
        "type": "Odd-Even Parking Zone",
        "permanence": "temporary",
        "division": "MIDC",
        "notification": "138/DCP/East/Traff/Temp/2026",
        "pdf_url": "https://mtperp.mahatrafficechallan.gov.in/GetPublicNotice/822602/202605270000_822602_NotificationNo138DCPEastTraffTemp2026.pdf",
        "match_confidence": "exact"
      }
    },
    {
      "type": "Feature",
      "geometry": {
        "type": "LineString",
        "coordinates": [
          [
            72.8731006,
            19.0504787
          ],
          [
            72.8739319,
            19.0507727
          ],
          [
            72.8748763,
            19.0511244
          ],
          [
            72.8756819,
            19.0514282
          ],
          [
            72.8757605,
            19.0514659
          ],
          [
            72.875932,
            19.0515526
          ],
          [
            72.8763032,
            19.0517733
          ],
          [
            72.8764546,
            19.0518876
          ],
          [
            72.8766304,
            19.0520555
          ],
          [
            72.8766933,
            19.0521034
          ],
          [
            72.8769609,
            19.0522371
          ],
          [
            72.8770263,
            19.0522609
          ],
          [
            72.8773112,
            19.0523648
          ],
          [
            72.8773489,
            19.0526022
          ],
          [
            72.8773826,
            19.0528151
          ],
          [
            72.877409,
            19.0529705
          ],
          [
            72.8774574,
            19.0534444
          ]
        ]
      },
      "properties": {
        "id": "B1-19",
        "type": "Odd-Even Parking Zone",
        "permanence": "temporary",
        "division": "Chunabhatti",
        "notification": "123/DCP/East/Traff/Temp/2026",
        "pdf_url": "https://mtperp.mahatrafficechallan.gov.in/GetPublicNotice/822538/202605210000_822538_NotificationNo123DCPEastTraffTemp2026.pdf",
        "match_confidence": "exact"
      }
    },
    {
      "type": "Feature",
      "geometry": {
        "type": "LineString",
        "coordinates": [
          [
            72.9079779,
            19.0722239
          ],
          [
            72.9078361,
            19.0722666
          ],
          [
            72.9074192,
            19.0722632
          ],
          [
            72.9072998,
            19.0722943
          ],
          [
            72.906548,
            19.0728274
          ],
          [
            72.9056273,
            19.0736343
          ],
          [
            72.9054641,
            19.0743249
          ]
        ]
      },
      "properties": {
        "id": "B1-28",
        "type": "Odd-Even Parking Zone",
        "permanence": "temporary",
        "division": "Vikroli",
        "notification": "126/DCP/East/Traff/Temp/2026",
        "pdf_url": "https://mtperp.mahatrafficechallan.gov.in/GetPublicNotice/822541/202605180000_822541_NotificationNo126DCPEastTraffTemp2026.pdf",
        "match_confidence": "exact"
      }
    },
    {
      "type": "Feature",
      "geometry": {
        "type": "LineString",
        "coordinates": [
          [
            72.9061121,
            19.0798814
          ],
          [
            72.9058597,
            19.0791503
          ],
          [
            72.9057408,
            19.0786876
          ],
          [
            72.9056893,
            19.0784873
          ],
          [
            72.9055967,
            19.0779705
          ],
          [
            72.9055776,
            19.0778636
          ],
          [
            72.905562,
            19.0776504
          ],
          [
            72.9055511,
            19.0775541
          ],
          [
            72.9054974,
            19.0770807
          ],
          [
            72.9054681,
            19.0767627
          ],
          [
            72.9054309,
            19.0764186
          ],
          [
            72.90541,
            19.0762253
          ],
          [
            72.9053072,
            19.0752744
          ]
        ]
      },
      "properties": {
        "id": "B1-29",
        "type": "Odd-Even Parking Zone",
        "permanence": "temporary",
        "division": "Vikroli",
        "notification": "126/DCP/East/Traff/Temp/2026",
        "pdf_url": "https://mtperp.mahatrafficechallan.gov.in/GetPublicNotice/822541/202605180000_822541_NotificationNo126DCPEastTraffTemp2026.pdf",
        "match_confidence": "exact"
      }
    },
    {
      "type": "Feature",
      "geometry": {
        "type": "LineString",
        "coordinates": [
          [
            72.8287784,
            19.07022
          ],
          [
            72.8284188,
            19.0702087
          ],
          [
            72.8278514,
            19.070231
          ],
          [
            72.8276134,
            19.0702424
          ],
          [
            72.8273529,
            19.0701814
          ],
          [
            72.8271978,
            19.0701451
          ],
          [
            72.8263808,
            19.0702193
          ]
        ]
      },
      "properties": {
        "id": "B1-47",
        "type": "Odd-Even Parking Zone",
        "permanence": "temporary",
        "division": "Chunabhatti",
        "notification": "124/DCP/East/Traff/Temp/2026",
        "pdf_url": "https://mtperp.mahatrafficechallan.gov.in/GetPublicNotice/822539/202605180000_822539_NotificationNo124DCPEastTraffTemp2026.pdf",
        "match_confidence": "exact"
      }
    },
    {
      "type": "Feature",
      "geometry": {
        "type": "LineString",
        "coordinates": [
          [
            72.9300318,
            19.0466091
          ],
          [
            72.9300687,
            19.0465134
          ],
          [
            72.9299548,
            19.0457905
          ],
          [
            72.9299139,
            19.0455309
          ],
          [
            72.9297778,
            19.044778
          ],
          [
            72.9296871,
            19.044354
          ],
          [
            72.9296443,
            19.0438846
          ],
          [
            72.9296716,
            19.0428634
          ],
          [
            72.9296728,
            19.0428309
          ]
        ]
      },
      "properties": {
        "id": "B1-49",
        "type": "Odd-Even Parking Zone",
        "permanence": "temporary",
        "division": "Chunabhatti",
        "notification": "124/DCP/East/Traff/Temp/2026",
        "pdf_url": "https://mtperp.mahatrafficechallan.gov.in/GetPublicNotice/822539/202605180000_822539_NotificationNo124DCPEastTraffTemp2026.pdf",
        "match_confidence": "exact"
      }
    },
    {
      "type": "Feature",
      "geometry": {
        "type": "LineString",
        "coordinates": [
          [
            72.8946407,
            19.0463478
          ],
          [
            72.8946306,
            19.0462358
          ],
          [
            72.8946111,
            19.0460943
          ],
          [
            72.894612,
            19.0460218
          ],
          [
            72.8946122,
            19.0458627
          ],
          [
            72.8946172,
            19.0456024
          ]
        ]
      },
      "properties": {
        "id": "B1-51",
        "type": "Odd-Even Parking Zone",
        "permanence": "temporary",
        "division": "Chunabhatti",
        "notification": "124/DCP/East/Traff/Temp/2026",
        "pdf_url": "https://mtperp.mahatrafficechallan.gov.in/GetPublicNotice/822539/202605180000_822539_NotificationNo124DCPEastTraffTemp2026.pdf",
        "match_confidence": "fuzzy"
      }
    },
    {
      "type": "Feature",
      "geometry": {
        "type": "LineString",
        "coordinates": [
          [
            72.8281165,
            19.2036711
          ],
          [
            72.8278198,
            19.2037944
          ],
          [
            72.8272476,
            19.2040087
          ],
          [
            72.8271941,
            19.2040285
          ],
          [
            72.8267104,
            19.2042634
          ],
          [
            72.8261474,
            19.2045517
          ],
          [
            72.825808,
            19.2047255
          ],
          [
            72.8252269,
            19.2050108
          ],
          [
            72.8249746,
            19.2051005
          ],
          [
            72.8245367,
            19.2052761
          ],
          [
            72.8243698,
            19.205343
          ],
          [
            72.8237675,
            19.2055689
          ]
        ]
      },
      "properties": {
        "id": "B1-56",
        "type": "Odd-Even Parking Zone",
        "permanence": "temporary",
        "division": "Mulund",
        "notification": "129/DCP/East/Traff/Temp/2026",
        "pdf_url": "https://mtperp.mahatrafficechallan.gov.in/GetPublicNotice/822545/202605180000_822545_NotificationNo129DCPEastTraffTemp2026.pdf",
        "match_confidence": "fuzzy"
      }
    },
    {
      "type": "Feature",
      "geometry": {
        "type": "LineString",
        "coordinates": [
          [
            72.9508778,
            19.1745603
          ],
          [
            72.9509267,
            19.1745174
          ],
          [
            72.9510427,
            19.1744157
          ],
          [
            72.951139,
            19.1743313
          ],
          [
            72.9513621,
            19.1741356
          ],
          [
            72.9516423,
            19.1738899
          ],
          [
            72.9516991,
            19.17384
          ],
          [
            72.9518014,
            19.1737422
          ],
          [
            72.952019,
            19.1735594
          ],
          [
            72.952254,
            19.1733533
          ],
          [
            72.9525958,
            19.1730535
          ],
          [
            72.9529265,
            19.1727635
          ],
          [
            72.9529346,
            19.1727564
          ],
          [
            72.9529654,
            19.1727294
          ],
          [
            72.9535775,
            19.1721926
          ],
          [
            72.9546784,
            19.1712271
          ]
        ]
      },
      "properties": {
        "id": "B1-58",
        "type": "Odd-Even Parking Zone",
        "permanence": "temporary",
        "division": "Mulund",
        "notification": "129/DCP/East/Traff/Temp/2026",
        "pdf_url": "https://mtperp.mahatrafficechallan.gov.in/GetPublicNotice/822545/202605180000_822545_NotificationNo129DCPEastTraffTemp2026.pdf",
        "match_confidence": "exact"
      }
    },
    {
      "type": "Feature",
      "geometry": {
        "type": "LineString",
        "coordinates": [
          [
            72.921553,
            19.0687878
          ],
          [
            72.9216698,
            19.0688232
          ],
          [
            72.9217863,
            19.0688252
          ],
          [
            72.9236774,
            19.0681368
          ],
          [
            72.9243763,
            19.0678666
          ],
          [
            72.9254226,
            19.0674688
          ],
          [
            72.9257259,
            19.0673184
          ],
          [
            72.926557,
            19.0668802
          ],
          [
            72.9274821,
            19.0664098
          ],
          [
            72.9283457,
            19.0660176
          ],
          [
            72.9285321,
            19.0659329
          ],
          [
            72.9286687,
            19.0658718
          ],
          [
            72.9291854,
            19.0656255
          ]
        ]
      },
      "properties": {
        "id": "B1-66",
        "type": "Odd-Even Parking Zone",
        "permanence": "temporary",
        "division": "Mankhurd",
        "notification": "125/DCP/East/Traff/Temp/2026",
        "pdf_url": "https://mtperp.mahatrafficechallan.gov.in/GetPublicNotice/822540/202605180000_822540_NotificationNo125DCPEastTraffTemp2026.pdf",
        "match_confidence": "fuzzy"
      }
    },
    {
      "type": "Feature",
      "geometry": {
        "type": "LineString",
        "coordinates": [
          [
            72.8534499,
            19.2286718
          ],
          [
            72.8531133,
            19.2286722
          ],
          [
            72.8527349,
            19.2286762
          ],
          [
            72.8520724,
            19.2286739
          ],
          [
            72.8516616,
            19.2286695
          ],
          [
            72.850007,
            19.2286487
          ],
          [
            72.8496647,
            19.2286444
          ],
          [
            72.8495867,
            19.2286431
          ],
          [
            72.848894,
            19.2286141
          ],
          [
            72.8485841,
            19.2285635
          ],
          [
            72.8479566,
            19.2284921
          ],
          [
            72.8478797,
            19.2284833
          ],
          [
            72.8475695,
            19.2284877
          ],
          [
            72.8467096,
            19.2285175
          ],
          [
            72.8464747,
            19.2285256
          ],
          [
            72.8458132,
            19.228578
          ],
          [
            72.8455982,
            19.2286325
          ],
          [
            72.8450192,
            19.2288372
          ],
          [
            72.8446001,
            19.2289511
          ],
          [
            72.8443439,
            19.2290544
          ],
          [
            72.8441402,
            19.2291821
          ],
          [
            72.8438675,
            19.2292875
          ],
          [
            72.8436634,
            19.2293599
          ],
          [
            72.8434652,
            19.2294323
          ],
          [
            72.843183,
            19.2295025
          ],
          [
            72.8426253,
            19.229646
          ],
          [
            72.8418614,
            19.2298042
          ],
          [
            72.8418438,
            19.2298078
          ],
          [
            72.8418244,
            19.2298131
          ],
          [
            72.8417628,
            19.22983
          ],
          [
            72.8412331,
            19.2299592
          ],
          [
            72.8410846,
            19.2300267
          ],
          [
            72.8410419,
            19.230045
          ]
        ]
      },
      "properties": {
        "id": "B1-68",
        "type": "Odd-Even Parking Zone",
        "permanence": "temporary",
        "division": "Kanjurmarg",
        "notification": "127/DCP/East/Traff/Temp/2026",
        "pdf_url": "https://mtperp.mahatrafficechallan.gov.in/GetPublicNotice/822542/202605180000_822542_NotificationNo127DCPEastTraffTemp2026.pdf",
        "match_confidence": "exact"
      }
    },
    {
      "type": "Feature",
      "geometry": {
        "type": "LineString",
        "coordinates": [
          [
            72.9330552,
            19.1294483
          ],
          [
            72.9327202,
            19.1294643
          ],
          [
            72.9326279,
            19.1294683
          ],
          [
            72.9321469,
            19.1294908
          ],
          [
            72.9317967,
            19.1294603
          ],
          [
            72.9316048,
            19.1294436
          ],
          [
            72.9313711,
            19.1294099
          ],
          [
            72.9313569,
            19.1294092
          ],
          [
            72.9313366,
            19.1294081
          ],
          [
            72.9311845,
            19.1294265
          ],
          [
            72.9311579,
            19.1294458
          ],
          [
            72.9311309,
            19.1294653
          ],
          [
            72.9310875,
            19.1294968
          ],
          [
            72.931063,
            19.1295146
          ],
          [
            72.9309008,
            19.1296437
          ],
          [
            72.9307251,
            19.1297882
          ],
          [
            72.9305159,
            19.1299606
          ],
          [
            72.9301134,
            19.1303516
          ],
          [
            72.9297917,
            19.1305181
          ],
          [
            72.9295314,
            19.1306621
          ],
          [
            72.929427,
            19.1307047
          ]
        ]
      },
      "properties": {
        "id": "B1-71",
        "type": "Odd-Even Parking Zone",
        "permanence": "temporary",
        "division": "Kanjurmarg",
        "notification": "127/DCP/East/Traff/Temp/2026",
        "pdf_url": "https://mtperp.mahatrafficechallan.gov.in/GetPublicNotice/822542/202605180000_822542_NotificationNo127DCPEastTraffTemp2026.pdf",
        "match_confidence": "exact"
      }
    },
    {
      "type": "Feature",
      "geometry": {
        "type": "LineString",
        "coordinates": [
          [
            72.8485937,
            19.1621935
          ],
          [
            72.8470097,
            19.162203
          ]
        ]
      },
      "properties": {
        "id": "B1-73",
        "type": "Odd-Even Parking Zone",
        "permanence": "temporary",
        "division": "Ghatkopar",
        "notification": "128/DCP/East/Traff/Temp/2026",
        "pdf_url": "https://mtperp.mahatrafficechallan.gov.in/GetPublicNotice/822543/202605180000_822543_NotificationNo128DCPEastTraffTemp2026.pdf",
        "match_confidence": "exact"
      }
    },
    {
      "type": "Feature",
      "geometry": {
        "type": "LineString",
        "coordinates": [
          [
            72.8895352,
            19.0806243
          ],
          [
            72.8897053,
            19.0806143
          ],
          [
            72.8898387,
            19.0806363
          ],
          [
            72.8899411,
            19.0806695
          ],
          [
            72.8902668,
            19.080775
          ],
          [
            72.89067,
            19.0808956
          ],
          [
            72.8911722,
            19.0810426
          ],
          [
            72.891508,
            19.0811548
          ],
          [
            72.8917994,
            19.0812539
          ],
          [
            72.8919733,
            19.0813131
          ],
          [
            72.8920304,
            19.0813293
          ],
          [
            72.8922793,
            19.0814095
          ],
          [
            72.8925425,
            19.0814924
          ],
          [
            72.8927042,
            19.0815433
          ],
          [
            72.8931482,
            19.0816904
          ],
          [
            72.8931905,
            19.0817044
          ],
          [
            72.8932984,
            19.0817402
          ],
          [
            72.8934376,
            19.0817863
          ],
          [
            72.8940461,
            19.0819942
          ],
          [
            72.8940925,
            19.0820102
          ],
          [
            72.8945393,
            19.0821644
          ],
          [
            72.8950549,
            19.0823424
          ],
          [
            72.8956651,
            19.0825584
          ],
          [
            72.8961728,
            19.0827133
          ],
          [
            72.8962922,
            19.0827366
          ]
        ]
      },
      "properties": {
        "id": "B1-74",
        "type": "Odd-Even Parking Zone",
        "permanence": "temporary",
        "division": "Ghatkopar",
        "notification": "128/DCP/East/Traff/Temp/2026",
        "pdf_url": "https://mtperp.mahatrafficechallan.gov.in/GetPublicNotice/822543/202605180000_822543_NotificationNo128DCPEastTraffTemp2026.pdf",
        "match_confidence": "exact"
      }
    },
    {
      "type": "Feature",
      "geometry": {
        "type": "LineString",
        "coordinates": [
          [
            72.9744985,
            19.206813
          ],
          [
            72.9756707,
            19.2065571
          ],
          [
            72.9760115,
            19.2064184
          ],
          [
            72.976261,
            19.2062731
          ],
          [
            72.9775154,
            19.205232
          ]
        ]
      },
      "properties": {
        "id": "B1-75",
        "type": "Odd-Even Parking Zone",
        "permanence": "temporary",
        "division": "Ghatkopar",
        "notification": "128/DCP/East/Traff/Temp/2026",
        "pdf_url": "https://mtperp.mahatrafficechallan.gov.in/GetPublicNotice/822543/202605180000_822543_NotificationNo128DCPEastTraffTemp2026.pdf",
        "match_confidence": "exact"
      }
    },
    {
      "type": "Feature",
      "geometry": {
        "type": "LineString",
        "coordinates": [
          [
            72.951276,
            19.1749665
          ],
          [
            72.9505822,
            19.1749447
          ],
          [
            72.9494649,
            19.1749097
          ],
          [
            72.9493854,
            19.1749062
          ],
          [
            72.9487077,
            19.1748788
          ],
          [
            72.9484043,
            19.1748673
          ],
          [
            72.9480124,
            19.174853
          ],
          [
            72.9477676,
            19.1748421
          ],
          [
            72.9477167,
            19.1748624
          ],
          [
            72.9476711,
            19.1749231
          ],
          [
            72.9476633,
            19.1751297
          ],
          [
            72.9476389,
            19.1757794
          ]
        ]
      },
      "properties": {
        "id": "B2-106",
        "type": "Odd-Even Parking Zone",
        "permanence": "temporary",
        "division": "Mulund Traffic Division",
        "notification": "186/DCP/East/Traff/Temp/2025",
        "pdf_url": null,
        "match_confidence": "exact"
      }
    },
    {
      "type": "Feature",
      "geometry": {
        "type": "LineString",
        "coordinates": [
          [
            72.8483159,
            19.1842734
          ],
          [
            72.8483159,
            19.1842734
          ]
        ]
      },
      "properties": {
        "id": "B2-120",
        "type": "No-Parking",
        "permanence": "temporary",
        "division": "Mulund Traffic Division",
        "notification": "118/DCP/East/Traff/Temp/2025",
        "pdf_url": null,
        "match_confidence": "landmark_clipped"
      }
    },
    {
      "type": "Feature",
      "geometry": {
        "type": "LineString",
        "coordinates": [
          [
            72.914333,
            19.0535217
          ],
          [
            72.9147322,
            19.0534047
          ],
          [
            72.9148918,
            19.0533436
          ],
          [
            72.91509,
            19.0532443
          ],
          [
            72.9159998,
            19.0527385
          ],
          [
            72.9166889,
            19.0524156
          ],
          [
            72.9168874,
            19.0522593
          ],
          [
            72.9170973,
            19.0520994
          ],
          [
            72.9183951,
            19.0511138
          ],
          [
            72.9184585,
            19.0510696
          ],
          [
            72.9189096,
            19.0507553
          ],
          [
            72.9196526,
            19.0502761
          ],
          [
            72.919863,
            19.0501745
          ],
          [
            72.9202616,
            19.0500097
          ],
          [
            72.920366,
            19.0499541
          ],
          [
            72.9204311,
            19.0499031
          ],
          [
            72.9204454,
            19.0498918
          ],
          [
            72.9204753,
            19.0497716
          ],
          [
            72.9203899,
            19.0490057
          ],
          [
            72.9203687,
            19.0487879
          ],
          [
            72.9203876,
            19.0483023
          ],
          [
            72.9203899,
            19.048231
          ],
          [
            72.9203955,
            19.0480831
          ],
          [
            72.9202285,
            19.0478146
          ],
          [
            72.9200345,
            19.0475027
          ],
          [
            72.9199047,
            19.0472941
          ],
          [
            72.9198527,
            19.0471451
          ],
          [
            72.9197384,
            19.0468174
          ],
          [
            72.9194758,
            19.0462903
          ],
          [
            72.9186438,
            19.0454037
          ],
          [
            72.9184577,
            19.0450856
          ],
          [
            72.9183144,
            19.0446734
          ]
        ]
      },
      "properties": {
        "id": "B2-123",
        "type": "no parking road",
        "permanence": "permanent-ish (order, unspecified duration)",
        "division": "Trombay Traffic Division",
        "notification": "113/DCP/East/Traff/Temp/2025",
        "pdf_url": null,
        "match_confidence": "fuzzy"
      }
    },
    {
      "type": "Feature",
      "geometry": {
        "type": "LineString",
        "coordinates": [
          [
            72.8576801,
            19.126255
          ],
          [
            72.8577328,
            19.126345
          ],
          [
            72.8581886,
            19.126587
          ],
          [
            72.8582981,
            19.1266095
          ],
          [
            72.8584996,
            19.1266115
          ],
          [
            72.8587377,
            19.1265947
          ],
          [
            72.8590659,
            19.1265251
          ],
          [
            72.8594542,
            19.1264785
          ],
          [
            72.8598003,
            19.1264371
          ],
          [
            72.8600517,
            19.126407
          ],
          [
            72.860425,
            19.1263565
          ],
          [
            72.8605479,
            19.1263202
          ],
          [
            72.8607445,
            19.1262305
          ],
          [
            72.8609657,
            19.126095
          ],
          [
            72.8611742,
            19.125969
          ],
          [
            72.861331,
            19.1258853
          ],
          [
            72.8614646,
            19.1258315
          ],
          [
            72.8617122,
            19.1257769
          ],
          [
            72.8617443,
            19.125772
          ],
          [
            72.8618047,
            19.1257646
          ],
          [
            72.8620029,
            19.1257406
          ],
          [
            72.8625562,
            19.1256863
          ],
          [
            72.8625863,
            19.1256834
          ],
          [
            72.8630751,
            19.1256651
          ],
          [
            72.8632293,
            19.1256492
          ]
        ]
      },
      "properties": {
        "id": "B2-133",
        "type": "parking restrictions trial 3 months",
        "permanence": "temporary",
        "division": "Sahar Traffic Division",
        "notification": "95/DCP/West/Traff/Temp/2025",
        "pdf_url": null,
        "match_confidence": "exact"
      }
    },
    {
      "type": "Feature",
      "geometry": {
        "type": "LineString",
        "coordinates": [
          [
            72.8563559,
            19.0482465
          ],
          [
            72.856456,
            19.0482143
          ],
          [
            72.8567264,
            19.0481564
          ],
          [
            72.8569629,
            19.0481061
          ],
          [
            72.8572011,
            19.0480953
          ],
          [
            72.857599,
            19.0481174
          ],
          [
            72.8579692,
            19.0481118
          ],
          [
            72.8584541,
            19.0481044
          ],
          [
            72.8588576,
            19.048101
          ],
          [
            72.8589437,
            19.0480979
          ],
          [
            72.8591032,
            19.0480989
          ],
          [
            72.8594546,
            19.0481011
          ],
          [
            72.8596903,
            19.0480762
          ],
          [
            72.8598444,
            19.0480377
          ],
          [
            72.8607186,
            19.0476102
          ],
          [
            72.860823,
            19.0475718
          ],
          [
            72.8613899,
            19.0473157
          ],
          [
            72.8618059,
            19.0471278
          ],
          [
            72.8624829,
            19.046831
          ],
          [
            72.8625963,
            19.0467834
          ],
          [
            72.8626428,
            19.046764
          ],
          [
            72.862778,
            19.0467064
          ]
        ]
      },
      "properties": {
        "id": "B2-134",
        "type": "temporary parking restrictions",
        "permanence": "temporary",
        "division": "Kurla Traffic Division",
        "notification": "94/DCP/HQ&Central/Traff/Temp/2025",
        "pdf_url": null,
        "match_confidence": "fuzzy"
      }
    },
    {
      "type": "Feature",
      "geometry": {
        "type": "LineString",
        "coordinates": [
          [
            72.8307258,
            19.0537922
          ],
          [
            72.8306278,
            19.0536914
          ],
          [
            72.8304821,
            19.0535767
          ],
          [
            72.8299548,
            19.053363
          ],
          [
            72.8299172,
            19.0533544
          ],
          [
            72.8298314,
            19.0533397
          ],
          [
            72.8294959,
            19.0532583
          ],
          [
            72.8292655,
            19.0531988
          ],
          [
            72.8291524,
            19.053139
          ],
          [
            72.8290665,
            19.0530292
          ],
          [
            72.8290122,
            19.0530045
          ],
          [
            72.8288781,
            19.0530026
          ],
          [
            72.8288271,
            19.0529842
          ],
          [
            72.8287882,
            19.0529614
          ],
          [
            72.8287581,
            19.0529227
          ],
          [
            72.8287342,
            19.0528686
          ],
          [
            72.8287082,
            19.052787
          ],
          [
            72.8286904,
            19.0527309
          ],
          [
            72.8286506,
            19.0526059
          ],
          [
            72.82861,
            19.0524783
          ],
          [
            72.8284953,
            19.0521181
          ],
          [
            72.8284613,
            19.051855
          ],
          [
            72.8284703,
            19.0517797
          ],
          [
            72.8284695,
            19.051709
          ],
          [
            72.8284419,
            19.0515799
          ],
          [
            72.8284029,
            19.0514148
          ],
          [
            72.8283662,
            19.0512951
          ]
        ]
      },
      "properties": {
        "id": "B3-145",
        "type": "temporary parking restrictions",
        "permanence": "temporary",
        "division": "HQ Central",
        "notification": "60/DCP/HQ&Central/Traff/Temp/2025",
        "pdf_url": null,
        "match_confidence": "exact"
      }
    },
    {
      "type": "Feature",
      "geometry": {
        "type": "LineString",
        "coordinates": [
          [
            72.8265693,
            19.0596604
          ],
          [
            72.8265894,
            19.0593129
          ],
          [
            72.8266056,
            19.0590424
          ],
          [
            72.8266915,
            19.0572151
          ],
          [
            72.826698,
            19.0568176
          ],
          [
            72.8267133,
            19.0562785
          ],
          [
            72.8267333,
            19.0557419
          ],
          [
            72.826734,
            19.0557234
          ],
          [
            72.826782,
            19.0547848
          ]
        ]
      },
      "properties": {
        "id": "B3-146",
        "type": "temporary parking restrictions",
        "permanence": "temporary",
        "division": "Bandra Traffic Division",
        "notification": "57/DCP/HQ&Central/Traff/Temp/2025",
        "pdf_url": null,
        "match_confidence": "fuzzy"
      }
    },
    {
      "type": "Feature",
      "geometry": {
        "type": "LineString",
        "coordinates": [
          [
            72.8266875,
            19.1111114
          ],
          [
            72.8266788,
            19.1106779
          ],
          [
            72.8266557,
            19.1103321
          ],
          [
            72.8266359,
            19.1101102
          ],
          [
            72.8265681,
            19.1096372
          ],
          [
            72.8264964,
            19.1091369
          ],
          [
            72.8264937,
            19.1090387
          ],
          [
            72.8264866,
            19.1087762
          ],
          [
            72.8264857,
            19.1087112
          ],
          [
            72.8264818,
            19.1085432
          ],
          [
            72.8264719,
            19.1084142
          ],
          [
            72.8264504,
            19.1078922
          ],
          [
            72.8264002,
            19.1077409
          ],
          [
            72.8263639,
            19.1076346
          ],
          [
            72.8263348,
            19.1074725
          ]
        ]
      },
      "properties": {
        "id": "B3-157",
        "type": "No Parking (New Year Eve event)",
        "permanence": "temporary",
        "division": "Santacruz Traffic Division",
        "notification": "257/DCP/Westsub/Traff/Temp/2024",
        "pdf_url": null,
        "match_confidence": "exact"
      }
    },
    {
      "type": "Feature",
      "geometry": {
        "type": "LineString",
        "coordinates": [
          [
            72.8131948,
            19.0044294
          ],
          [
            72.8132403,
            19.0045049
          ],
          [
            72.8132878,
            19.0045873
          ],
          [
            72.8135316,
            19.005199
          ],
          [
            72.813618,
            19.0054994
          ],
          [
            72.8137486,
            19.0059453
          ],
          [
            72.8142441,
            19.0076244
          ],
          [
            72.8145602,
            19.0083509
          ],
          [
            72.8146582,
            19.0085937
          ],
          [
            72.8147458,
            19.0087901
          ],
          [
            72.8147654,
            19.0088277
          ],
          [
            72.8147816,
            19.0088658
          ],
          [
            72.8148475,
            19.0089846
          ],
          [
            72.8158791,
            19.0106791
          ],
          [
            72.8163852,
            19.0115738
          ],
          [
            72.8164712,
            19.0117399
          ],
          [
            72.8165393,
            19.0119243
          ],
          [
            72.8165842,
            19.0120543
          ],
          [
            72.8166349,
            19.0122334
          ],
          [
            72.8167041,
            19.012553
          ],
          [
            72.8167158,
            19.0126442
          ],
          [
            72.8167237,
            19.0127373
          ],
          [
            72.8167517,
            19.0129157
          ],
          [
            72.8167717,
            19.0131464
          ],
          [
            72.8167817,
            19.0134255
          ],
          [
            72.8167752,
            19.014216
          ],
          [
            72.8167967,
            19.0145
          ],
          [
            72.8168639,
            19.0147313
          ],
          [
            72.8168711,
            19.0148118
          ],
          [
            72.816896,
            19.014928
          ],
          [
            72.8169258,
            19.0150116
          ],
          [
            72.8169839,
            19.0151215
          ],
          [
            72.8170692,
            19.0152694
          ]
        ]
      },
      "properties": {
        "id": "B3-160",
        "type": "No Parking Zone (New Year event)",
        "permanence": "temporary",
        "division": "HQ Central (Worli)",
        "notification": "253/DCP/HQ&Central/Traff/Temp/2024",
        "pdf_url": null,
        "match_confidence": "exact"
      }
    },
    {
      "type": "Feature",
      "geometry": {
        "type": "LineString",
        "coordinates": [
          [
            72.8312427,
            19.0526426
          ],
          [
            72.8314657,
            19.0527523
          ],
          [
            72.8315375,
            19.0527866
          ],
          [
            72.8317115,
            19.0528699
          ],
          [
            72.8320809,
            19.0530469
          ],
          [
            72.8321221,
            19.0530666
          ],
          [
            72.832261,
            19.0531331
          ],
          [
            72.8323592,
            19.0529625
          ],
          [
            72.832406,
            19.0528811
          ],
          [
            72.832492,
            19.0527317
          ],
          [
            72.832542,
            19.0526448
          ],
          [
            72.8326866,
            19.0523936
          ],
          [
            72.8327094,
            19.0523429
          ],
          [
            72.8327335,
            19.0522943
          ]
        ]
      },
      "properties": {
        "id": "B3-179",
        "type": "permanent No Parking",
        "permanence": "permanent",
        "division": "Samatanagar Traffic Division",
        "notification": "175/Addlcp/Traff/Permanent/2024",
        "pdf_url": null,
        "match_confidence": "fuzzy"
      }
    },
    {
      "type": "Feature",
      "geometry": {
        "type": "LineString",
        "coordinates": [
          [
            72.8417519,
            19.125157
          ],
          [
            72.8424079,
            19.1254272
          ],
          [
            72.8428016,
            19.1256014
          ],
          [
            72.8428594,
            19.1256243
          ],
          [
            72.8429511,
            19.1256607
          ],
          [
            72.8433841,
            19.1258324
          ],
          [
            72.8435881,
            19.1259133
          ],
          [
            72.8446632,
            19.1263396
          ]
        ]
      },
      "properties": {
        "id": "B3-189",
        "type": "revised Odd-Even parking restrictions (cancels & reissues prior notification)",
        "permanence": "permanent",
        "division": "D.N. Nagar Traffic Division",
        "notification": "133/Addlcp/Traff/Permanent/2024",
        "pdf_url": null,
        "match_confidence": "exact"
      }
    },
    {
      "type": "Feature",
      "geometry": {
        "type": "LineString",
        "coordinates": [
          [
            72.8495239,
            19.1711689
          ],
          [
            72.8502132,
            19.1712178
          ],
          [
            72.8507097,
            19.1712414
          ],
          [
            72.8515669,
            19.1710788
          ]
        ]
      },
      "properties": {
        "id": "B3-196",
        "type": "permanent No Parking both sides",
        "permanence": "permanent",
        "division": "Bandra Traffic Division",
        "notification": "98/AddlCP/Traff/Permanent/2024",
        "pdf_url": null,
        "match_confidence": "exact"
      }
    },
    {
      "type": "Feature",
      "geometry": {
        "type": "LineString",
        "coordinates": [
          [
            72.8887935,
            19.1124169
          ],
          [
            72.8890347,
            19.1125579
          ],
          [
            72.8891771,
            19.1126106
          ],
          [
            72.8895279,
            19.1126932
          ],
          [
            72.8896576,
            19.112724
          ],
          [
            72.8899036,
            19.1128507
          ],
          [
            72.8903474,
            19.1131357
          ],
          [
            72.8907983,
            19.1134424
          ],
          [
            72.8911465,
            19.1137869
          ],
          [
            72.8912597,
            19.1138742
          ],
          [
            72.8913675,
            19.1139367
          ],
          [
            72.8914001,
            19.1139462
          ],
          [
            72.8917966,
            19.1140612
          ],
          [
            72.8918853,
            19.1140875
          ],
          [
            72.8919757,
            19.1141144
          ],
          [
            72.8921413,
            19.1141635
          ],
          [
            72.8922442,
            19.1142181
          ],
          [
            72.8923245,
            19.1142608
          ],
          [
            72.8930789,
            19.1148691
          ],
          [
            72.8932271,
            19.1148915
          ],
          [
            72.8932828,
            19.1148999
          ],
          [
            72.8933878,
            19.1148994
          ],
          [
            72.8935529,
            19.1148986
          ],
          [
            72.8939266,
            19.1148681
          ],
          [
            72.8942407,
            19.114828
          ],
          [
            72.8951736,
            19.114709
          ],
          [
            72.8957051,
            19.1146473
          ],
          [
            72.8957484,
            19.114616
          ]
        ]
      },
      "properties": {
        "id": "B3-202",
        "type": "permanent No Parking both sides",
        "permanence": "permanent",
        "division": "Sakinaka Traffic Division",
        "notification": "96/AddlCP/Traff/Permanent/2024",
        "pdf_url": null,
        "match_confidence": "fuzzy"
      }
    },
    {
      "type": "Feature",
      "geometry": {
        "type": "LineString",
        "coordinates": [
          [
            72.828286,
            19.2102911
          ],
          [
            72.82829,
            19.2103422
          ],
          [
            72.8283044,
            19.2113081
          ],
          [
            72.8283221,
            19.2116112
          ],
          [
            72.8283255,
            19.2120809
          ],
          [
            72.8283976,
            19.2132767
          ],
          [
            72.8284083,
            19.2134375
          ],
          [
            72.8284236,
            19.21382
          ],
          [
            72.8284363,
            19.2141361
          ],
          [
            72.8284449,
            19.2143484
          ],
          [
            72.8284545,
            19.2146394
          ],
          [
            72.8284634,
            19.2149063
          ],
          [
            72.82847,
            19.2152826
          ]
        ]
      },
      "properties": {
        "id": "B3-210",
        "type": "parking of motor vehicles prohibited (incidental to road closure)",
        "permanence": "temporary",
        "division": "South",
        "notification": "36/DCP/South/Traff/Temp/2024",
        "pdf_url": null,
        "match_confidence": "fuzzy"
      }
    },
    {
      "type": "Feature",
      "geometry": {
        "type": "LineString",
        "coordinates": [
          [
            72.8340946,
            19.0558666
          ],
          [
            72.8340678,
            19.0558615
          ],
          [
            72.8334679,
            19.0557447
          ],
          [
            72.8330467,
            19.0556701
          ],
          [
            72.8329322,
            19.0556498
          ],
          [
            72.8326118,
            19.055593
          ],
          [
            72.832221,
            19.0555112
          ],
          [
            72.8315082,
            19.0553263
          ],
          [
            72.8311922,
            19.0552731
          ],
          [
            72.8311525,
            19.0552664
          ],
          [
            72.8308263,
            19.0552115
          ],
          [
            72.8305086,
            19.055161
          ],
          [
            72.8300536,
            19.0550739
          ],
          [
            72.8299944,
            19.0550635
          ],
          [
            72.8299154,
            19.0550476
          ],
          [
            72.8294289,
            19.0549497
          ],
          [
            72.8283741,
            19.0547747
          ],
          [
            72.8282675,
            19.054763
          ],
          [
            72.8281003,
            19.0547447
          ],
          [
            72.8279658,
            19.0547299
          ],
          [
            72.8278068,
            19.0547279
          ],
          [
            72.8277874,
            19.0547276
          ],
          [
            72.826784,
            19.0547146
          ],
          [
            72.8260536,
            19.054694
          ],
          [
            72.8260148,
            19.0546913
          ],
          [
            72.8254941,
            19.054655
          ],
          [
            72.8254318,
            19.0546489
          ],
          [
            72.8250541,
            19.0545883
          ],
          [
            72.8248109,
            19.0545175
          ],
          [
            72.824736,
            19.0544762
          ],
          [
            72.8247056,
            19.0544499
          ],
          [
            72.8246061,
            19.0542192
          ]
        ]
      },
      "properties": {
        "id": "B3-213",
        "type": "goods vehicles prohibited from parking/moving goods 09:00-22:00",
        "permanence": "permanent",
        "division": "Bandra Traffic Division",
        "notification": "16/AddlCP/Traff/Permanent/2024",
        "pdf_url": null,
        "match_confidence": "exact"
      }
    },
    {
      "type": "Feature",
      "geometry": {
        "type": "LineString",
        "coordinates": [
          [
            72.8340099,
            19.0717087
          ],
          [
            72.8340385,
            19.0729564
          ],
          [
            72.8340791,
            19.0741726
          ],
          [
            72.8341331,
            19.0753664
          ],
          [
            72.8342232,
            19.0769236
          ],
          [
            72.8343001,
            19.0782119
          ],
          [
            72.8343203,
            19.0785504
          ],
          [
            72.8343826,
            19.0795797
          ],
          [
            72.8344125,
            19.0800407
          ],
          [
            72.8344115,
            19.0801544
          ],
          [
            72.8344072,
            19.0806326
          ],
          [
            72.8344196,
            19.0817628
          ],
          [
            72.8344422,
            19.0824184
          ],
          [
            72.8344452,
            19.0826118
          ],
          [
            72.8344466,
            19.0826991
          ],
          [
            72.8344509,
            19.082871
          ],
          [
            72.834457,
            19.0832439
          ],
          [
            72.8345138,
            19.0842102
          ],
          [
            72.8345268,
            19.0844459
          ]
        ]
      },
      "properties": {
        "id": "B3-214",
        "type": "goods vehicles prohibited from parking/moving goods 09:00-22:00",
        "permanence": "permanent",
        "division": "Bandra Traffic Division",
        "notification": "16/AddlCP/Traff/Permanent/2024",
        "pdf_url": null,
        "match_confidence": "exact"
      }
    },
    {
      "type": "Feature",
      "geometry": {
        "type": "LineString",
        "coordinates": [
          [
            72.829843,
            19.0507512
          ],
          [
            72.8297334,
            19.0506826
          ],
          [
            72.8297005,
            19.050663
          ],
          [
            72.8296177,
            19.0506118
          ],
          [
            72.8292724,
            19.0503984
          ],
          [
            72.8288157,
            19.0501314
          ],
          [
            72.8284375,
            19.0498816
          ],
          [
            72.8282941,
            19.0497839
          ],
          [
            72.8281787,
            19.0497054
          ],
          [
            72.828016,
            19.0495517
          ],
          [
            72.8279158,
            19.0494494
          ],
          [
            72.8276785,
            19.0491134
          ],
          [
            72.827535,
            19.0488459
          ],
          [
            72.8274089,
            19.0485087
          ],
          [
            72.8272855,
            19.0482006
          ],
          [
            72.8272332,
            19.0479548
          ],
          [
            72.8272426,
            19.0478787
          ],
          [
            72.8272705,
            19.0478135
          ]
        ]
      },
      "properties": {
        "id": "B3-219",
        "type": "parking-related traffic changes (New Year)",
        "permanence": "temporary",
        "division": "Bandra Traffic Division",
        "notification": "213/DCP/HQ&Central/Traff/Temp/2023",
        "pdf_url": null,
        "match_confidence": "fuzzy"
      }
    },
    {
      "type": "Feature",
      "geometry": {
        "type": "LineString",
        "coordinates": [
          [
            72.8224989,
            19.0605254
          ],
          [
            72.8224317,
            19.0605567
          ],
          [
            72.8223273,
            19.0606242
          ],
          [
            72.8222598,
            19.0607024
          ],
          [
            72.8221977,
            19.0607971
          ],
          [
            72.8221539,
            19.0608909
          ],
          [
            72.8221228,
            19.0610213
          ],
          [
            72.8221142,
            19.0610574
          ],
          [
            72.8220831,
            19.0611878
          ],
          [
            72.8220795,
            19.0613258
          ],
          [
            72.8222494,
            19.0620181
          ],
          [
            72.8224485,
            19.0628293
          ],
          [
            72.822504,
            19.0630553
          ],
          [
            72.8226178,
            19.0635199
          ],
          [
            72.8227151,
            19.0637523
          ],
          [
            72.8229347,
            19.0642089
          ],
          [
            72.8229953,
            19.0643221
          ],
          [
            72.8230988,
            19.0646851
          ],
          [
            72.8231661,
            19.065043
          ],
          [
            72.8231732,
            19.0653658
          ],
          [
            72.8231601,
            19.0655708
          ],
          [
            72.8231555,
            19.0656434
          ],
          [
            72.8231183,
            19.0658308
          ],
          [
            72.8229997,
            19.0662171
          ]
        ]
      },
      "properties": {
        "id": "B3-220",
        "type": "parking-related traffic changes (New Year)",
        "permanence": "temporary",
        "division": "Bandra Traffic Division",
        "notification": "213/DCP/HQ&Central/Traff/Temp/2023",
        "pdf_url": null,
        "match_confidence": "exact"
      }
    },
    {
      "type": "Feature",
      "geometry": {
        "type": "LineString",
        "coordinates": [
          [
            72.8131948,
            19.0044294
          ],
          [
            72.8132403,
            19.0045049
          ],
          [
            72.8132878,
            19.0045873
          ],
          [
            72.8135316,
            19.005199
          ],
          [
            72.813618,
            19.0054994
          ],
          [
            72.8137486,
            19.0059453
          ],
          [
            72.8142441,
            19.0076244
          ],
          [
            72.8145602,
            19.0083509
          ],
          [
            72.8146582,
            19.0085937
          ],
          [
            72.8147458,
            19.0087901
          ],
          [
            72.8147654,
            19.0088277
          ],
          [
            72.8147816,
            19.0088658
          ],
          [
            72.8148475,
            19.0089846
          ],
          [
            72.8158791,
            19.0106791
          ],
          [
            72.8163852,
            19.0115738
          ],
          [
            72.8164712,
            19.0117399
          ],
          [
            72.8165393,
            19.0119243
          ],
          [
            72.8165842,
            19.0120543
          ],
          [
            72.8166349,
            19.0122334
          ],
          [
            72.8167041,
            19.012553
          ],
          [
            72.8167158,
            19.0126442
          ],
          [
            72.8167237,
            19.0127373
          ],
          [
            72.8167517,
            19.0129157
          ],
          [
            72.8167717,
            19.0131464
          ],
          [
            72.8167817,
            19.0134255
          ],
          [
            72.8167752,
            19.014216
          ],
          [
            72.8167967,
            19.0145
          ],
          [
            72.8168639,
            19.0147313
          ],
          [
            72.8168711,
            19.0148118
          ],
          [
            72.816896,
            19.014928
          ],
          [
            72.8169258,
            19.0150116
          ],
          [
            72.8169839,
            19.0151215
          ],
          [
            72.8170692,
            19.0152694
          ]
        ]
      },
      "properties": {
        "id": "B3-221",
        "type": "No Parking Zone (New Year)",
        "permanence": "temporary",
        "division": "HQ Central (Worli)",
        "notification": "211/DCP/HQ&Central/Traff/Temp/2023",
        "pdf_url": null,
        "match_confidence": "fuzzy"
      }
    },
    {
      "type": "Feature",
      "geometry": {
        "type": "LineString",
        "coordinates": [
          [
            72.8478376,
            19.0351508
          ],
          [
            72.8478363,
            19.0349993
          ],
          [
            72.8478288,
            19.0341144
          ],
          [
            72.8478267,
            19.0338621
          ],
          [
            72.847817,
            19.0336931
          ],
          [
            72.8477858,
            19.0331526
          ],
          [
            72.8477558,
            19.0326323
          ],
          [
            72.8473735,
            19.0307825
          ],
          [
            72.8473275,
            19.0306254
          ],
          [
            72.8472518,
            19.0303667
          ],
          [
            72.8471689,
            19.030086
          ],
          [
            72.8470512,
            19.0296878
          ],
          [
            72.8468326,
            19.0289482
          ],
          [
            72.8467644,
            19.0287176
          ],
          [
            72.8466856,
            19.028451
          ],
          [
            72.8466805,
            19.0284338
          ],
          [
            72.8465906,
            19.0281269
          ],
          [
            72.8464944,
            19.0277988
          ],
          [
            72.8464067,
            19.0274978
          ],
          [
            72.8463633,
            19.027367
          ],
          [
            72.8460105,
            19.026304
          ],
          [
            72.8456289,
            19.0251444
          ],
          [
            72.8453259,
            19.0243998
          ],
          [
            72.8449709,
            19.0235221
          ],
          [
            72.8448572,
            19.023241
          ],
          [
            72.844719,
            19.0229656
          ],
          [
            72.8444165,
            19.0223627
          ],
          [
            72.8443868,
            19.0223034
          ],
          [
            72.8440629,
            19.0216202
          ],
          [
            72.8440356,
            19.0215646
          ],
          [
            72.8433751,
            19.0204086
          ]
        ]
      },
      "properties": {
        "id": "B3-228",
        "type": "No Parking Zone",
        "permanence": "permanent",
        "division": "Worli",
        "notification": "174/AddCP/Traff/Permanent/2023",
        "pdf_url": null,
        "match_confidence": "fuzzy"
      }
    },
    {
      "type": "Feature",
      "geometry": {
        "type": "LineString",
        "coordinates": [
          [
            72.8314561,
            18.9951465
          ],
          [
            72.831458,
            18.9951088
          ],
          [
            72.8314588,
            18.9942346
          ],
          [
            72.8314626,
            18.9941288
          ],
          [
            72.8315021,
            18.9934263
          ],
          [
            72.8315152,
            18.9931145
          ],
          [
            72.8315395,
            18.9925222
          ],
          [
            72.8315609,
            18.9919997
          ],
          [
            72.831567,
            18.9918447
          ],
          [
            72.8315934,
            18.9911692
          ],
          [
            72.8316201,
            18.9907373
          ],
          [
            72.8316322,
            18.9905419
          ],
          [
            72.8316482,
            18.9902833
          ],
          [
            72.8316623,
            18.9900859
          ],
          [
            72.8316928,
            18.9895585
          ],
          [
            72.8317234,
            18.9890661
          ],
          [
            72.8317269,
            18.9889843
          ],
          [
            72.8317498,
            18.9884485
          ],
          [
            72.831781,
            18.9874617
          ],
          [
            72.8318011,
            18.9871149
          ],
          [
            72.831806,
            18.9870542
          ],
          [
            72.8318303,
            18.9867589
          ]
        ]
      },
      "properties": {
        "id": "B3-229",
        "type": "No Parking Zone",
        "permanence": "permanent",
        "division": "Worli",
        "notification": "174/AddCP/Traff/Permanent/2023",
        "pdf_url": null,
        "match_confidence": "fuzzy"
      }
    },
    {
      "type": "Feature",
      "geometry": {
        "type": "LineString",
        "coordinates": [
          [
            72.8555661,
            19.0223476
          ],
          [
            72.8552726,
            19.02241
          ],
          [
            72.8550524,
            19.0224568
          ],
          [
            72.8543923,
            19.0225969
          ]
        ]
      },
      "properties": {
        "id": "B3-240",
        "type": "No Parking",
        "permanence": "permanent",
        "division": "Matunga",
        "notification": "111/AddCP/Traff/Permanent/2023",
        "pdf_url": null,
        "match_confidence": "fuzzy"
      }
    },
    {
      "type": "Feature",
      "geometry": {
        "type": "LineString",
        "coordinates": [
          [
            72.825662,
            19.1360055
          ],
          [
            72.8257671,
            19.1360153
          ],
          [
            72.8257935,
            19.1360177
          ],
          [
            72.8286366,
            19.1362834
          ],
          [
            72.829541,
            19.1363705
          ],
          [
            72.829599,
            19.1363757
          ],
          [
            72.8315782,
            19.1365559
          ]
        ]
      },
      "properties": {
        "id": "B3-246",
        "type": "No Parking (Experimental 3 months)",
        "permanence": "temporary",
        "division": "Oshiwara",
        "notification": "93/DCP/WestSub/Traff/Permanent/2023",
        "pdf_url": null,
        "match_confidence": "fuzzy"
      }
    },
    {
      "type": "Feature",
      "geometry": {
        "type": "LineString",
        "coordinates": [
          [
            72.8079458,
            18.9553497
          ],
          [
            72.8079088,
            18.9552535
          ],
          [
            72.8078328,
            18.9550964
          ],
          [
            72.807725,
            18.9549324
          ],
          [
            72.8076668,
            18.9547982
          ],
          [
            72.8074896,
            18.9543897
          ],
          [
            72.8074508,
            18.9543001
          ],
          [
            72.8073353,
            18.9540553
          ],
          [
            72.8071727,
            18.9538912
          ],
          [
            72.8069008,
            18.9536168
          ],
          [
            72.8067997,
            18.9535336
          ],
          [
            72.8066775,
            18.9534332
          ],
          [
            72.8064618,
            18.9532933
          ],
          [
            72.8063455,
            18.9532422
          ],
          [
            72.8062065,
            18.9531811
          ],
          [
            72.8059698,
            18.9530738
          ],
          [
            72.8057967,
            18.9530103
          ],
          [
            72.8056268,
            18.952948
          ],
          [
            72.8054312,
            18.9528591
          ],
          [
            72.8052063,
            18.9527193
          ],
          [
            72.8051792,
            18.9527016
          ],
          [
            72.8050815,
            18.9526377
          ],
          [
            72.804836,
            18.9524993
          ],
          [
            72.8046732,
            18.9524075
          ],
          [
            72.8043571,
            18.9522706
          ],
          [
            72.8039944,
            18.9521244
          ],
          [
            72.8038376,
            18.9520558
          ],
          [
            72.803763,
            18.9520189
          ],
          [
            72.8036039,
            18.9519129
          ],
          [
            72.803244,
            18.9516341
          ],
          [
            72.803129,
            18.9515646
          ],
          [
            72.8030726,
            18.9515339
          ],
          [
            72.8030004,
            18.9514946
          ],
          [
            72.8028754,
            18.951431
          ],
          [
            72.8027775,
            18.9513729
          ],
          [
            72.8026736,
            18.9513278
          ],
          [
            72.8026227,
            18.951303
          ],
          [
            72.8024703,
            18.9512287
          ],
          [
            72.8023239,
            18.9511457
          ],
          [
            72.8022115,
            18.9510466
          ],
          [
            72.8020898,
            18.9509257
          ],
          [
            72.8020189,
            18.9507916
          ],
          [
            72.801933,
            18.9505922
          ],
          [
            72.8017743,
            18.9502138
          ],
          [
            72.8015499,
            18.9499235
          ],
          [
            72.8014104,
            18.949811
          ],
          [
            72.8009621,
            18.9495794
          ],
          [
            72.800577,
            18.94939
          ],
          [
            72.8004029,
            18.9492923
          ],
          [
            72.8002119,
            18.9491612
          ],
          [
            72.800074,
            18.9490671
          ],
          [
            72.8000402,
            18.9490548
          ],
          [
            72.7999043,
            18.9490052
          ],
          [
            72.7996326,
            18.9489062
          ],
          [
            72.7990611,
            18.948692
          ],
          [
            72.798773,
            18.9485696
          ],
          [
            72.7982015,
            18.948252
          ],
          [
            72.797841,
            18.9480466
          ],
          [
            72.7975098,
            18.9478644
          ],
          [
            72.7974749,
            18.9478644
          ]
        ]
      },
      "properties": {
        "id": "B3-249",
        "type": "No Parking",
        "permanence": "permanent",
        "division": "Malabar Hill",
        "notification": "87/AddlCP/Traff/Permanent/2023",
        "pdf_url": null,
        "match_confidence": "exact"
      }
    },
    {
      "type": "Feature",
      "geometry": {
        "type": "LineString",
        "coordinates": [
          [
            72.8140153,
            18.9906255
          ],
          [
            72.8141082,
            18.9918177
          ],
          [
            72.8141737,
            18.9922278
          ],
          [
            72.8142518,
            18.9925197
          ],
          [
            72.8144717,
            18.9930413
          ],
          [
            72.8147008,
            18.9935059
          ],
          [
            72.8149267,
            18.993887
          ],
          [
            72.8155092,
            18.9948042
          ],
          [
            72.8156847,
            18.9951319
          ],
          [
            72.8159335,
            18.995682
          ]
        ]
      },
      "properties": {
        "id": "B3-250",
        "type": "No Parking Zone",
        "permanence": "permanent",
        "division": "Worli",
        "notification": "85/AddlCP/Traff/Permanent/2023",
        "pdf_url": null,
        "match_confidence": "exact"
      }
    },
    {
      "type": "Feature",
      "geometry": {
        "type": "LineString",
        "coordinates": [
          [
            72.9878259,
            19.0706478
          ],
          [
            72.9877874,
            19.0707105
          ],
          [
            72.987819,
            19.0710465
          ],
          [
            72.9878499,
            19.0713753
          ],
          [
            72.9878825,
            19.0717215
          ],
          [
            72.9879156,
            19.072074
          ],
          [
            72.9879489,
            19.0724276
          ],
          [
            72.9879733,
            19.0726865
          ],
          [
            72.9879952,
            19.0729198
          ],
          [
            72.9880424,
            19.0734221
          ],
          [
            72.988046,
            19.0734598
          ],
          [
            72.98808,
            19.0738209
          ],
          [
            72.9881128,
            19.0741697
          ],
          [
            72.9881437,
            19.074499
          ],
          [
            72.9881767,
            19.0748493
          ],
          [
            72.9882012,
            19.07511
          ]
        ]
      },
      "properties": {
        "id": "B3-258",
        "type": "No Parking",
        "permanence": "temporary",
        "division": "South",
        "notification": "51/DCP/South/Traff/Temp/2023",
        "pdf_url": null,
        "match_confidence": "fuzzy"
      }
    },
    {
      "type": "Feature",
      "geometry": {
        "type": "LineString",
        "coordinates": [
          [
            72.8203275,
            18.9681427
          ],
          [
            72.8199934,
            18.9683477
          ],
          [
            72.8198584,
            18.9683458
          ],
          [
            72.8197967,
            18.9682385
          ],
          [
            72.819707,
            18.9681873
          ],
          [
            72.8196298,
            18.9681218
          ],
          [
            72.8195185,
            18.9680905
          ],
          [
            72.8194289,
            18.9681431
          ],
          [
            72.8193974,
            18.9681456
          ],
          [
            72.8193693,
            18.968138
          ],
          [
            72.8193451,
            18.9681298
          ],
          [
            72.8193237,
            18.9681152
          ],
          [
            72.8192057,
            18.9679784
          ],
          [
            72.8191896,
            18.967949
          ],
          [
            72.8191808,
            18.9679173
          ],
          [
            72.8191806,
            18.9678897
          ],
          [
            72.8191911,
            18.9678737
          ],
          [
            72.8192228,
            18.9678553
          ],
          [
            72.8190695,
            18.9676896
          ],
          [
            72.8188553,
            18.9677571
          ],
          [
            72.8188024,
            18.9677774
          ],
          [
            72.8187931,
            18.9677767
          ],
          [
            72.8186962,
            18.9677691
          ],
          [
            72.8185865,
            18.9677236
          ]
        ]
      },
      "properties": {
        "id": "B3-263",
        "type": "No Parking",
        "permanence": "permanent",
        "division": "Dindoshi",
        "notification": "38/DCP/WestSub/Traff/Permanent/2023",
        "pdf_url": null,
        "match_confidence": "exact"
      }
    },
    {
      "type": "Feature",
      "geometry": {
        "type": "LineString",
        "coordinates": [
          [
            72.8882067,
            19.1631252
          ],
          [
            72.8870422,
            19.1633381
          ],
          [
            72.8854008,
            19.163638
          ],
          [
            72.8847028,
            19.1637639
          ],
          [
            72.8824725,
            19.1642277
          ],
          [
            72.8823881,
            19.1642452
          ],
          [
            72.8819168,
            19.1643433
          ]
        ]
      },
      "properties": {
        "id": "B3-266",
        "type": "No Parking",
        "permanence": "permanent",
        "division": "Dindoshi",
        "notification": "38/DCP/WestSub/Traff/Permanent/2023",
        "pdf_url": null,
        "match_confidence": "exact"
      }
    },
    {
      "type": "Feature",
      "geometry": {
        "type": "LineString",
        "coordinates": [
          [
            72.9093598,
            19.0465743
          ],
          [
            72.9094858,
            19.0469064
          ],
          [
            72.9095677,
            19.0472208
          ],
          [
            72.9098077,
            19.0481424
          ],
          [
            72.9098386,
            19.0482603
          ],
          [
            72.9100142,
            19.0489005
          ],
          [
            72.9101215,
            19.049244
          ],
          [
            72.9102744,
            19.0498056
          ],
          [
            72.9103267,
            19.0499944
          ],
          [
            72.9103374,
            19.0500997
          ],
          [
            72.9103857,
            19.0503
          ],
          [
            72.9104716,
            19.0512038
          ],
          [
            72.9104903,
            19.0514624
          ],
          [
            72.9105332,
            19.0519821
          ],
          [
            72.9105708,
            19.0525221
          ],
          [
            72.9106379,
            19.0533106
          ],
          [
            72.910729,
            19.0537974
          ],
          [
            72.9107766,
            19.054075
          ],
          [
            72.9108891,
            19.0544991
          ],
          [
            72.9109653,
            19.0549523
          ]
        ]
      },
      "properties": {
        "id": "B3-268",
        "type": "Permanent No Parking",
        "permanence": "permanent",
        "division": "Deonar",
        "notification": "28/DCP/EastSub/Traff/Permanent/2023",
        "pdf_url": null,
        "match_confidence": "fuzzy"
      }
    },
    {
      "type": "Feature",
      "geometry": {
        "type": "LineString",
        "coordinates": [
          [
            72.8311117,
            19.1280128
          ],
          [
            72.8310767,
            19.1276553
          ],
          [
            72.831068,
            19.1275669
          ],
          [
            72.8310663,
            19.1272727
          ],
          [
            72.831064,
            19.1268728
          ],
          [
            72.8310552,
            19.1265775
          ],
          [
            72.8310535,
            19.1265198
          ],
          [
            72.8310264,
            19.1256182
          ],
          [
            72.8307947,
            19.1248895
          ],
          [
            72.8307708,
            19.1248249
          ],
          [
            72.830757,
            19.1247683
          ],
          [
            72.8306494,
            19.1244279
          ],
          [
            72.8305825,
            19.1242162
          ],
          [
            72.8304563,
            19.1237922
          ],
          [
            72.8303351,
            19.1232187
          ],
          [
            72.8303275,
            19.1231827
          ],
          [
            72.8302494,
            19.1228131
          ],
          [
            72.8299532,
            19.1217759
          ],
          [
            72.8299245,
            19.1216403
          ],
          [
            72.8298923,
            19.1214414
          ],
          [
            72.829879,
            19.1213544
          ],
          [
            72.8298665,
            19.1211809
          ],
          [
            72.8298569,
            19.1209771
          ],
          [
            72.8298547,
            19.1207492
          ],
          [
            72.8298737,
            19.1201803
          ],
          [
            72.8298832,
            19.1195074
          ],
          [
            72.8298936,
            19.1180372
          ],
          [
            72.8298861,
            19.1176779
          ],
          [
            72.8298959,
            19.1172521
          ]
        ]
      },
      "properties": {
        "id": "B3-270",
        "type": "No Parking Zone",
        "permanence": "permanent",
        "division": "WestSub",
        "notification": "20/DCP/WestSub/Traff/Permanent/2023",
        "pdf_url": null,
        "match_confidence": "exact"
      }
    },
    {
      "type": "Feature",
      "geometry": {
        "type": "LineString",
        "coordinates": [
          [
            72.8266875,
            19.1111114
          ],
          [
            72.8266788,
            19.1106779
          ],
          [
            72.8266557,
            19.1103321
          ],
          [
            72.8266359,
            19.1101102
          ],
          [
            72.8265681,
            19.1096372
          ],
          [
            72.8264964,
            19.1091369
          ],
          [
            72.8264937,
            19.1090387
          ],
          [
            72.8264866,
            19.1087762
          ],
          [
            72.8264857,
            19.1087112
          ],
          [
            72.8264818,
            19.1085432
          ],
          [
            72.8264719,
            19.1084142
          ],
          [
            72.8264504,
            19.1078922
          ],
          [
            72.8264002,
            19.1077409
          ],
          [
            72.8263639,
            19.1076346
          ],
          [
            72.8263348,
            19.1074725
          ]
        ]
      },
      "properties": {
        "id": "B3-273",
        "type": "Odd-Even Parking",
        "permanence": "permanent",
        "division": "Santacruz",
        "notification": "13/DCP/WestSub/Traff/Permanent/2023",
        "pdf_url": null,
        "match_confidence": "exact"
      }
    },
    {
      "type": "Feature",
      "geometry": {
        "type": "LineString",
        "coordinates": [
          [
            72.8283689,
            19.1239939
          ],
          [
            72.8283311,
            19.1241018
          ],
          [
            72.8284409,
            19.1244864
          ],
          [
            72.8286719,
            19.1252956
          ],
          [
            72.8286848,
            19.1253406
          ],
          [
            72.828774,
            19.1257207
          ],
          [
            72.8288353,
            19.1259822
          ],
          [
            72.8288756,
            19.1261538
          ],
          [
            72.8289308,
            19.1263896
          ],
          [
            72.8289437,
            19.1264443
          ],
          [
            72.8289475,
            19.1264606
          ],
          [
            72.8289921,
            19.1266508
          ],
          [
            72.829037,
            19.1268423
          ],
          [
            72.8290563,
            19.1269246
          ]
        ]
      },
      "properties": {
        "id": "B3-282",
        "type": "No Parking",
        "permanence": "permanent",
        "division": "DN Nagar",
        "notification": "233/DCP/WestSub/Traff/Permanent/2022",
        "pdf_url": null,
        "match_confidence": "fuzzy"
      }
    },
    {
      "type": "Feature",
      "geometry": {
        "type": "LineString",
        "coordinates": [
          [
            72.8374735,
            18.953316
          ],
          [
            72.8374572,
            18.9524444
          ],
          [
            72.8375145,
            18.9518195
          ],
          [
            72.8376467,
            18.9503797
          ]
        ]
      },
      "properties": {
        "id": "B3-287",
        "type": "No Loading/Unloading/Stopping/Parking (time-restricted)",
        "permanence": "temporary",
        "division": "Pydhonie",
        "notification": "225/DCP/South/Traff/Temp/2022",
        "pdf_url": null,
        "match_confidence": "exact"
      }
    },
    {
      "type": "Feature",
      "geometry": {
        "type": "LineString",
        "coordinates": [
          [
            72.8368936,
            18.9533222
          ],
          [
            72.8369573,
            18.9538954
          ],
          [
            72.8369468,
            18.9539607
          ],
          [
            72.8369281,
            18.9540114
          ]
        ]
      },
      "properties": {
        "id": "B3-290",
        "type": "No Loading/Unloading/Stopping/Parking (time-restricted)",
        "permanence": "temporary",
        "division": "Pydhonie",
        "notification": "225/DCP/South/Traff/Temp/2022",
        "pdf_url": null,
        "match_confidence": "exact"
      }
    },
    {
      "type": "Feature",
      "geometry": {
        "type": "LineString",
        "coordinates": [
          [
            72.8280699,
            18.9581295
          ],
          [
            72.828102,
            18.9589719
          ],
          [
            72.8281139,
            18.9594634
          ],
          [
            72.8280395,
            18.9598509
          ],
          [
            72.827977,
            18.9600618
          ]
        ]
      },
      "properties": {
        "id": "B3-291",
        "type": "No Loading/Unloading/Stopping/Parking (time-restricted)",
        "permanence": "temporary",
        "division": "Pydhonie",
        "notification": "225/DCP/South/Traff/Temp/2022",
        "pdf_url": null,
        "match_confidence": "exact"
      }
    },
    {
      "type": "Feature",
      "geometry": {
        "type": "LineString",
        "coordinates": [
          [
            72.8381939,
            18.9583355
          ],
          [
            72.8380803,
            18.9579145
          ],
          [
            72.8379785,
            18.9573783
          ],
          [
            72.837951,
            18.9572549
          ],
          [
            72.8378189,
            18.9567238
          ],
          [
            72.8376457,
            18.9559871
          ],
          [
            72.8375971,
            18.9552532
          ],
          [
            72.8374975,
            18.9547207
          ],
          [
            72.8374789,
            18.9544644
          ],
          [
            72.8374411,
            18.9542775
          ]
        ]
      },
      "properties": {
        "id": "B3-294",
        "type": "No Loading/Unloading/Stopping/Parking (time-restricted)",
        "permanence": "temporary",
        "division": "Pydhonie",
        "notification": "225/DCP/South/Traff/Temp/2022",
        "pdf_url": null,
        "match_confidence": "fuzzy"
      }
    },
    {
      "type": "Feature",
      "geometry": {
        "type": "LineString",
        "coordinates": [
          [
            72.8283897,
            18.956649
          ],
          [
            72.8282756,
            18.956714
          ],
          [
            72.8280167,
            18.9568625
          ],
          [
            72.8275906,
            18.9571627
          ],
          [
            72.8271666,
            18.9574614
          ],
          [
            72.8268092,
            18.9577649
          ],
          [
            72.8265685,
            18.9579593
          ],
          [
            72.8265328,
            18.9580158
          ]
        ]
      },
      "properties": {
        "id": "B3-334",
        "type": "Odd-Even Parking",
        "permanence": "permanent",
        "division": "Nagpada",
        "notification": "120/DCP/South/Traff/Permanent/2022",
        "pdf_url": null,
        "match_confidence": "fuzzy"
      }
    },
    {
      "type": "Feature",
      "geometry": {
        "type": "LineString",
        "coordinates": [
          [
            72.8324378,
            18.9375162
          ],
          [
            72.8329368,
            18.9373466
          ],
          [
            72.8330942,
            18.9372918
          ],
          [
            72.8333786,
            18.9371928
          ],
          [
            72.8339713,
            18.9369866
          ]
        ]
      },
      "properties": {
        "id": "B3-353",
        "type": "Odd-Even Parking",
        "permanence": "temporary",
        "division": "Azad Maidan",
        "notification": "100/DCP/City/Traff/Temp/2022",
        "pdf_url": null,
        "match_confidence": "exact"
      }
    },
    {
      "type": "Feature",
      "geometry": {
        "type": "LineString",
        "coordinates": [
          [
            72.8616178,
            19.2011483
          ],
          [
            72.8617536,
            19.2010527
          ],
          [
            72.8619499,
            19.2009221
          ],
          [
            72.8620315,
            19.2008757
          ],
          [
            72.8622754,
            19.2007585
          ],
          [
            72.8624439,
            19.2007175
          ],
          [
            72.8626142,
            19.2007048
          ],
          [
            72.8628554,
            19.200728
          ],
          [
            72.8631074,
            19.2007721
          ],
          [
            72.8633116,
            19.2008353
          ],
          [
            72.8633692,
            19.2008478
          ],
          [
            72.8634077,
            19.2008787
          ],
          [
            72.8634566,
            19.2009237
          ],
          [
            72.8635182,
            19.2010017
          ],
          [
            72.8635962,
            19.201094
          ],
          [
            72.8637202,
            19.201168
          ],
          [
            72.8637279,
            19.2011712
          ],
          [
            72.8639497,
            19.2012648
          ],
          [
            72.8640386,
            19.2013017
          ],
          [
            72.8645588,
            19.2013634
          ],
          [
            72.8652599,
            19.2014227
          ],
          [
            72.8653122,
            19.2014309
          ],
          [
            72.8656834,
            19.2014665
          ],
          [
            72.8657314,
            19.2014749
          ],
          [
            72.8658923,
            19.2014808
          ],
          [
            72.8659637,
            19.2014584
          ],
          [
            72.8660096,
            19.2014292
          ],
          [
            72.8660622,
            19.2013453
          ],
          [
            72.8661182,
            19.2012906
          ],
          [
            72.8661802,
            19.2012682
          ],
          [
            72.8662806,
            19.201268
          ],
          [
            72.8664536,
            19.201253
          ],
          [
            72.8665584,
            19.2012304
          ],
          [
            72.8666953,
            19.2012316
          ],
          [
            72.866768,
            19.2012203
          ],
          [
            72.8671559,
            19.2011777
          ],
          [
            72.8678275,
            19.201105
          ],
          [
            72.8678425,
            19.201103
          ],
          [
            72.8679006,
            19.201098
          ],
          [
            72.8684392,
            19.2010514
          ],
          [
            72.8685367,
            19.201043
          ],
          [
            72.8688836,
            19.201013
          ],
          [
            72.8693439,
            19.2009733
          ],
          [
            72.8693602,
            19.2009744
          ],
          [
            72.8697073,
            19.2009449
          ],
          [
            72.8700065,
            19.2009196
          ],
          [
            72.8702384,
            19.2008999
          ],
          [
            72.8705126,
            19.2008766
          ],
          [
            72.8708651,
            19.2008467
          ],
          [
            72.871216,
            19.2008169
          ],
          [
            72.8714654,
            19.2007958
          ],
          [
            72.8718657,
            19.2007618
          ],
          [
            72.871943,
            19.2007543
          ]
        ]
      },
      "properties": {
        "id": "B3-361",
        "type": "No Parking Zone (24hrs)",
        "permanence": "permanent",
        "division": "Samatanagar",
        "notification": "78/DCP/WestSub/Traff/Permanent/2022",
        "pdf_url": null,
        "match_confidence": "exact"
      }
    },
    {
      "type": "Feature",
      "geometry": {
        "type": "LineString",
        "coordinates": [
          [
            72.9051992,
            19.1195839
          ],
          [
            72.9043206,
            19.1193197
          ],
          [
            72.9041265,
            19.1192652
          ],
          [
            72.9037533,
            19.119208
          ],
          [
            72.9033132,
            19.119221
          ],
          [
            72.9029836,
            19.1192704
          ],
          [
            72.9022266,
            19.1194574
          ],
          [
            72.9014793,
            19.1196419
          ],
          [
            72.9014047,
            19.1196597
          ],
          [
            72.9013804,
            19.1196655
          ],
          [
            72.9008985,
            19.1197807
          ],
          [
            72.9001859,
            19.1198925
          ],
          [
            72.8999642,
            19.1199626
          ],
          [
            72.8998366,
            19.1200119
          ],
          [
            72.8995669,
            19.1201784
          ],
          [
            72.8994067,
            19.1202774
          ],
          [
            72.899134,
            19.1206341
          ],
          [
            72.8988937,
            19.121131
          ],
          [
            72.898739,
            19.1215975
          ],
          [
            72.8987334,
            19.1216296
          ],
          [
            72.8987685,
            19.1217564
          ]
        ]
      },
      "properties": {
        "id": "B3-374",
        "type": "Parking Restriction (Sunday Street)",
        "permanence": "temporary",
        "division": "Vikhroli",
        "notification": "40/DCP/EastSub/Traff/Temp/2022",
        "pdf_url": null,
        "match_confidence": "exact"
      }
    },
    {
      "type": "Feature",
      "geometry": {
        "type": "LineString",
        "coordinates": [
          [
            72.9051992,
            19.1195839
          ],
          [
            72.9043206,
            19.1193197
          ],
          [
            72.9041265,
            19.1192652
          ],
          [
            72.9037533,
            19.119208
          ],
          [
            72.9033132,
            19.119221
          ],
          [
            72.9029836,
            19.1192704
          ],
          [
            72.9022266,
            19.1194574
          ],
          [
            72.9014793,
            19.1196419
          ],
          [
            72.9014047,
            19.1196597
          ],
          [
            72.9013804,
            19.1196655
          ],
          [
            72.9008985,
            19.1197807
          ],
          [
            72.9001859,
            19.1198925
          ],
          [
            72.8999642,
            19.1199626
          ],
          [
            72.8998366,
            19.1200119
          ],
          [
            72.8995669,
            19.1201784
          ],
          [
            72.8994067,
            19.1202774
          ],
          [
            72.899134,
            19.1206341
          ],
          [
            72.8988937,
            19.121131
          ],
          [
            72.898739,
            19.1215975
          ],
          [
            72.8987334,
            19.1216296
          ],
          [
            72.8987685,
            19.1217564
          ]
        ]
      },
      "properties": {
        "id": "B3-375",
        "type": "Parking Restriction (Sunday Street)",
        "permanence": "temporary",
        "division": "Mulund",
        "notification": "41/DCP/EastSub/Traff/Temp/2022",
        "pdf_url": null,
        "match_confidence": "exact"
      }
    },
    {
      "type": "Feature",
      "geometry": {
        "type": "LineString",
        "coordinates": [
          [
            72.8283897,
            18.956649
          ],
          [
            72.8282756,
            18.956714
          ],
          [
            72.8280167,
            18.9568625
          ],
          [
            72.8275906,
            18.9571627
          ],
          [
            72.8271666,
            18.9574614
          ],
          [
            72.8268092,
            18.9577649
          ],
          [
            72.8265685,
            18.9579593
          ],
          [
            72.8265328,
            18.9580158
          ]
        ]
      },
      "properties": {
        "id": "B3-389",
        "type": "Odd-Even Parking",
        "permanence": "temporary",
        "division": "South",
        "notification": "32/DCPSouth/Traff/Temp/2022",
        "pdf_url": null,
        "match_confidence": "fuzzy"
      }
    },
    {
      "type": "Feature",
      "geometry": {
        "type": "LineString",
        "coordinates": [
          [
            72.9550783,
            19.1848591
          ],
          [
            72.9553771,
            19.1851578
          ],
          [
            72.9554206,
            19.1852152
          ],
          [
            72.9556265,
            19.185487
          ]
        ]
      },
      "properties": {
        "id": "B3-392",
        "type": "Odd/Even Parking",
        "permanence": "permanent",
        "division": "Dharavi",
        "notification": "28/DCP/HQ&Central/Traff/Temp/2022",
        "pdf_url": null,
        "match_confidence": "fuzzy"
      }
    },
    {
      "type": "Feature",
      "geometry": {
        "type": "LineString",
        "coordinates": [
          [
            72.8581812,
            19.0513019
          ],
          [
            72.8583458,
            19.0514123
          ],
          [
            72.8584477,
            19.0514759
          ],
          [
            72.858658,
            19.0516145
          ],
          [
            72.8588925,
            19.051692
          ],
          [
            72.8591647,
            19.0517665
          ],
          [
            72.8594118,
            19.0518376
          ],
          [
            72.85989,
            19.0519545
          ],
          [
            72.8600524,
            19.0519829
          ],
          [
            72.860194,
            19.0519956
          ],
          [
            72.8605048,
            19.0519911
          ],
          [
            72.8606873,
            19.0519808
          ],
          [
            72.8608934,
            19.0519584
          ],
          [
            72.8613235,
            19.0518584
          ],
          [
            72.8615788,
            19.0517984
          ],
          [
            72.8619552,
            19.0517152
          ],
          [
            72.8626481,
            19.0516034
          ],
          [
            72.8633328,
            19.051507
          ],
          [
            72.8636843,
            19.0514656
          ],
          [
            72.8639891,
            19.051414
          ],
          [
            72.8641656,
            19.0513598
          ],
          [
            72.8643367,
            19.0512837
          ],
          [
            72.864567,
            19.0511371
          ],
          [
            72.8648473,
            19.0509183
          ],
          [
            72.8653103,
            19.0505412
          ],
          [
            72.8653719,
            19.0504879
          ]
        ]
      },
      "properties": {
        "id": "B3-394",
        "type": "Odd/Even Parking",
        "permanence": "permanent",
        "division": "Dharavi",
        "notification": "28/DCP/HQ&Central/Traff/Temp/2022",
        "pdf_url": null,
        "match_confidence": "exact"
      }
    },
    {
      "type": "Feature",
      "geometry": {
        "type": "LineString",
        "coordinates": [
          [
            72.8607182,
            19.0475207
          ],
          [
            72.8603644,
            19.0469836
          ],
          [
            72.8599615,
            19.046394
          ],
          [
            72.8598818,
            19.0462972
          ],
          [
            72.8597356,
            19.0461199
          ],
          [
            72.8593585,
            19.0456609
          ],
          [
            72.8589336,
            19.0451438
          ],
          [
            72.8585821,
            19.0447213
          ],
          [
            72.8584167,
            19.0445151
          ],
          [
            72.8580251,
            19.0440132
          ],
          [
            72.8579501,
            19.0439306
          ],
          [
            72.8578299,
            19.0437779
          ],
          [
            72.8575861,
            19.0434472
          ],
          [
            72.8574964,
            19.0433446
          ],
          [
            72.8574199,
            19.043257
          ],
          [
            72.8572923,
            19.0431184
          ],
          [
            72.8571661,
            19.0429813
          ],
          [
            72.8567361,
            19.0424861
          ],
          [
            72.8566563,
            19.042393
          ],
          [
            72.8563286,
            19.0419912
          ],
          [
            72.8559669,
            19.0415813
          ],
          [
            72.8557938,
            19.0413465
          ],
          [
            72.8555606,
            19.0408933
          ],
          [
            72.8555408,
            19.0408537
          ],
          [
            72.8552968,
            19.0404511
          ],
          [
            72.8552218,
            19.0403274
          ],
          [
            72.8551642,
            19.0402324
          ],
          [
            72.8551236,
            19.0401655
          ],
          [
            72.8550851,
            19.0401019
          ],
          [
            72.855024,
            19.0400011
          ],
          [
            72.8550204,
            19.0399952
          ],
          [
            72.8549503,
            19.0398786
          ],
          [
            72.8548658,
            19.0397379
          ],
          [
            72.8548546,
            19.0397192
          ],
          [
            72.8548527,
            19.039716
          ],
          [
            72.8547604,
            19.0395643
          ],
          [
            72.8546976,
            19.0394578
          ],
          [
            72.8546501,
            19.0393788
          ],
          [
            72.8546219,
            19.0393319
          ],
          [
            72.8545889,
            19.0392768
          ],
          [
            72.8545316,
            19.0391816
          ],
          [
            72.8545016,
            19.0391312
          ],
          [
            72.8543914,
            19.038944
          ],
          [
            72.8542988,
            19.0387866
          ],
          [
            72.8541242,
            19.0384895
          ],
          [
            72.8538625,
            19.0380177
          ]
        ]
      },
      "properties": {
        "id": "B3-395",
        "type": "Odd-Even Parking",
        "permanence": "permanent",
        "division": "Kanjurmarg",
        "notification": "26/DCP/EastSub/Traff/Permanent/2022",
        "pdf_url": null,
        "match_confidence": "exact"
      }
    },
    {
      "type": "Feature",
      "geometry": {
        "type": "LineString",
        "coordinates": [
          [
            72.8857126,
            19.0738682
          ],
          [
            72.8861068,
            19.0741877
          ],
          [
            72.8867821,
            19.0747525
          ],
          [
            72.8874091,
            19.075244
          ]
        ]
      },
      "properties": {
        "id": "B3-399",
        "type": "Odd-Even Parking (light vehicles)",
        "permanence": "permanent",
        "division": "Kurla",
        "notification": "23/DCP/Traff/Permanent/2022",
        "pdf_url": null,
        "match_confidence": "exact"
      }
    },
    {
      "type": "Feature",
      "geometry": {
        "type": "LineString",
        "coordinates": [
          [
            72.8550344,
            19.2240799
          ],
          [
            72.8549576,
            19.2238363
          ],
          [
            72.8547095,
            19.2230502
          ],
          [
            72.8546882,
            19.2229863
          ],
          [
            72.8546619,
            19.2223547
          ],
          [
            72.8546585,
            19.2222943
          ],
          [
            72.8546318,
            19.2218126
          ],
          [
            72.8546452,
            19.2213964
          ]
        ]
      },
      "properties": {
        "id": "B3-409",
        "type": "No Parking Zone (24hrs)",
        "permanence": "permanent",
        "division": "Borivali",
        "notification": "96/TCB/DCP/HQ&Central/2021",
        "pdf_url": null,
        "match_confidence": "exact"
      }
    },
    {
      "type": "Feature",
      "geometry": {
        "type": "LineString",
        "coordinates": [
          [
            72.9132476,
            19.0942678
          ],
          [
            72.9126871,
            19.0946277
          ],
          [
            72.9124388,
            19.0947967
          ],
          [
            72.912203,
            19.0949558
          ],
          [
            72.9120272,
            19.0950764
          ],
          [
            72.911444,
            19.0954708
          ],
          [
            72.911398,
            19.0955019
          ]
        ]
      },
      "properties": {
        "id": "B3-415",
        "type": "Odd-Even Parking",
        "permanence": "temporary",
        "division": "Colaba",
        "notification": "95/DCP/South/Traff/Temp/2021",
        "pdf_url": null,
        "match_confidence": "exact"
      }
    },
    {
      "type": "Feature",
      "geometry": {
        "type": "LineString",
        "coordinates": [
          [
            72.8315664,
            18.9197783
          ],
          [
            72.8309449,
            18.9200605
          ],
          [
            72.8306361,
            18.9202007
          ],
          [
            72.8303133,
            18.9203437
          ]
        ]
      },
      "properties": {
        "id": "B3-416",
        "type": "Odd-Even Parking",
        "permanence": "temporary",
        "division": "Colaba",
        "notification": "95/DCP/South/Traff/Temp/2021",
        "pdf_url": null,
        "match_confidence": "exact"
      }
    },
    {
      "type": "Feature",
      "geometry": {
        "type": "LineString",
        "coordinates": [
          [
            72.8306402,
            18.9208963
          ],
          [
            72.8318368,
            18.9203617
          ]
        ]
      },
      "properties": {
        "id": "B3-417",
        "type": "Odd-Even Parking",
        "permanence": "temporary",
        "division": "Colaba",
        "notification": "95/DCP/South/Traff/Temp/2021",
        "pdf_url": null,
        "match_confidence": "exact"
      }
    },
    {
      "type": "Feature",
      "geometry": {
        "type": "LineString",
        "coordinates": [
          [
            72.9744985,
            19.206813
          ],
          [
            72.9756707,
            19.2065571
          ],
          [
            72.9760115,
            19.2064184
          ],
          [
            72.976261,
            19.2062731
          ],
          [
            72.9775154,
            19.205232
          ]
        ]
      },
      "properties": {
        "id": "B3-447",
        "type": "No Parking Zone",
        "permanence": "temporary",
        "division": "AddCP",
        "notification": "46/AddCP/Temp/Traff/2021",
        "pdf_url": null,
        "match_confidence": "exact"
      }
    },
    {
      "type": "Feature",
      "geometry": {
        "type": "LineString",
        "coordinates": [
          [
            72.8288253,
            18.9506078
          ],
          [
            72.828796,
            18.9504283
          ],
          [
            72.8288027,
            18.9502567
          ],
          [
            72.8288158,
            18.9499468
          ],
          [
            72.8289019,
            18.9489522
          ],
          [
            72.8289133,
            18.9487503
          ],
          [
            72.8288503,
            18.9484147
          ],
          [
            72.8288258,
            18.9483028
          ],
          [
            72.8288161,
            18.9482538
          ],
          [
            72.8288141,
            18.9482418
          ],
          [
            72.8287667,
            18.9479604
          ],
          [
            72.8287516,
            18.9477499
          ],
          [
            72.8287489,
            18.9475411
          ],
          [
            72.828771,
            18.9472706
          ],
          [
            72.8288268,
            18.9470496
          ],
          [
            72.8289194,
            18.9467845
          ],
          [
            72.8289764,
            18.9466084
          ],
          [
            72.8290206,
            18.9464479
          ],
          [
            72.8290678,
            18.9462965
          ]
        ]
      },
      "properties": {
        "id": "B3-453",
        "type": "Odd-Even Parking Restriction",
        "permanence": "temporary",
        "division": "DCP",
        "notification": "37/DCP/Temp/Traff/2021",
        "pdf_url": null,
        "match_confidence": "fuzzy"
      }
    },
    {
      "type": "Feature",
      "geometry": {
        "type": "LineString",
        "coordinates": [
          [
            72.8280726,
            19.0961577
          ],
          [
            72.8282018,
            19.095064
          ],
          [
            72.8282602,
            19.0946136
          ],
          [
            72.8282962,
            19.0942983
          ],
          [
            72.8283468,
            19.0935081
          ],
          [
            72.828347,
            19.0933245
          ],
          [
            72.8283533,
            19.0930758
          ],
          [
            72.8283588,
            19.0928572
          ],
          [
            72.828356,
            19.0926079
          ],
          [
            72.8283351,
            19.0924285
          ],
          [
            72.8282589,
            19.0922408
          ],
          [
            72.8281465,
            19.0920999
          ],
          [
            72.8278813,
            19.0917673
          ],
          [
            72.8278216,
            19.09164
          ],
          [
            72.8277738,
            19.091507
          ],
          [
            72.8277139,
            19.0912241
          ],
          [
            72.8276798,
            19.0907486
          ],
          [
            72.8275474,
            19.0897887
          ],
          [
            72.8275276,
            19.0896564
          ],
          [
            72.8274862,
            19.0891039
          ],
          [
            72.827375,
            19.0886787
          ],
          [
            72.8273397,
            19.0884544
          ],
          [
            72.8273065,
            19.0882438
          ],
          [
            72.8272932,
            19.0879621
          ],
          [
            72.8272908,
            19.0876425
          ],
          [
            72.8273658,
            19.0872261
          ],
          [
            72.8273994,
            19.0869746
          ],
          [
            72.8273719,
            19.0866719
          ],
          [
            72.8273624,
            19.0866175
          ],
          [
            72.8273118,
            19.0863273
          ],
          [
            72.8273317,
            19.0861984
          ],
          [
            72.8273721,
            19.0861622
          ],
          [
            72.8274219,
            19.0861052
          ],
          [
            72.8275347,
            19.0860581
          ],
          [
            72.8279258,
            19.0859948
          ],
          [
            72.828394,
            19.085895
          ],
          [
            72.8284916,
            19.0858742
          ],
          [
            72.8287528,
            19.0858168
          ],
          [
            72.8288176,
            19.0858024
          ],
          [
            72.8288843,
            19.0857875
          ],
          [
            72.8291852,
            19.085717
          ],
          [
            72.8294292,
            19.0856538
          ],
          [
            72.8297689,
            19.0855692
          ],
          [
            72.8299605,
            19.0855215
          ],
          [
            72.8309612,
            19.0852471
          ],
          [
            72.8316729,
            19.0850064
          ],
          [
            72.8320866,
            19.0848867
          ],
          [
            72.832145,
            19.0848698
          ],
          [
            72.8322352,
            19.0848472
          ],
          [
            72.8323014,
            19.0848274
          ],
          [
            72.8323832,
            19.084808
          ],
          [
            72.8332309,
            19.0846938
          ],
          [
            72.8345287,
            19.0845189
          ]
        ]
      },
      "properties": {
        "id": "B3-466",
        "type": "No Parking (New Year)",
        "permanence": "temporary",
        "division": "South",
        "notification": "65/DCP/South/Temp/Traff/2020",
        "pdf_url": null,
        "match_confidence": "exact"
      }
    },
    {
      "type": "Feature",
      "geometry": {
        "type": "LineString",
        "coordinates": [
          [
            72.8495759,
            19.1701664
          ],
          [
            72.8505358,
            19.1702444
          ]
        ]
      },
      "properties": {
        "id": "B3-475",
        "type": "No Parking (24hrs)",
        "permanence": "temporary",
        "division": "DCP",
        "notification": "61/DCP/Temp/Traff/2020",
        "pdf_url": null,
        "match_confidence": "exact"
      }
    },
    {
      "type": "Feature",
      "geometry": {
        "type": "LineString",
        "coordinates": [
          [
            72.9052417,
            19.0467376
          ],
          [
            72.9053024,
            19.0469589
          ],
          [
            72.9053373,
            19.0471015
          ],
          [
            72.9055623,
            19.0478767
          ],
          [
            72.9057975,
            19.0486653
          ],
          [
            72.9059204,
            19.0488946
          ]
        ]
      },
      "properties": {
        "id": "B3-487",
        "type": "No Parking Zone",
        "permanence": "temporary",
        "division": "Chembur",
        "notification": "36/DCP/HQ&EastSub/Temp/2020",
        "pdf_url": null,
        "match_confidence": "exact"
      }
    },
    {
      "type": "Feature",
      "geometry": {
        "type": "LineString",
        "coordinates": [
          [
            72.8645888,
            19.2386131
          ],
          [
            72.8654168,
            19.238473
          ],
          [
            72.8655281,
            19.2384712
          ],
          [
            72.8657182,
            19.2384712
          ],
          [
            72.8658578,
            19.2384693
          ],
          [
            72.8658899,
            19.2384557
          ],
          [
            72.8660011,
            19.2383683
          ],
          [
            72.8660733,
            19.2383543
          ],
          [
            72.8661548,
            19.2383573
          ],
          [
            72.866245,
            19.2383682
          ],
          [
            72.8663111,
            19.2383915
          ],
          [
            72.8663615,
            19.2384151
          ],
          [
            72.8666207,
            19.2384234
          ],
          [
            72.866762,
            19.2384279
          ],
          [
            72.8671133,
            19.2384236
          ]
        ]
      },
      "properties": {
        "id": "B3-495",
        "type": "No Parking",
        "permanence": "permanent",
        "division": "Mulund",
        "notification": "03/AddlCP/Traff/Permanent/2019",
        "pdf_url": null,
        "match_confidence": "exact"
      }
    },
    {
      "type": "Feature",
      "geometry": {
        "type": "LineString",
        "coordinates": [
          [
            72.9550783,
            19.1848591
          ],
          [
            72.9553771,
            19.1851578
          ],
          [
            72.9554206,
            19.1852152
          ],
          [
            72.9556265,
            19.185487
          ]
        ]
      },
      "properties": {
        "id": "B3-509",
        "type": "Parking Prohibited",
        "permanence": "permanent",
        "division": "Mulund",
        "notification": "256/AddlCP/Traff/Permanent/2019",
        "pdf_url": null,
        "match_confidence": "fuzzy"
      }
    },
    {
      "type": "Feature",
      "geometry": {
        "type": "LineString",
        "coordinates": [
          [
            72.8607182,
            19.0475207
          ],
          [
            72.8603644,
            19.0469836
          ],
          [
            72.8599615,
            19.046394
          ],
          [
            72.8598818,
            19.0462972
          ],
          [
            72.8597356,
            19.0461199
          ],
          [
            72.8593585,
            19.0456609
          ],
          [
            72.8589336,
            19.0451438
          ],
          [
            72.8585821,
            19.0447213
          ],
          [
            72.8584167,
            19.0445151
          ],
          [
            72.8580251,
            19.0440132
          ],
          [
            72.8579501,
            19.0439306
          ],
          [
            72.8578299,
            19.0437779
          ],
          [
            72.8575861,
            19.0434472
          ],
          [
            72.8574964,
            19.0433446
          ],
          [
            72.8574199,
            19.043257
          ],
          [
            72.8572923,
            19.0431184
          ],
          [
            72.8571661,
            19.0429813
          ],
          [
            72.8567361,
            19.0424861
          ],
          [
            72.8566563,
            19.042393
          ],
          [
            72.8563286,
            19.0419912
          ],
          [
            72.8559669,
            19.0415813
          ],
          [
            72.8557938,
            19.0413465
          ],
          [
            72.8555606,
            19.0408933
          ],
          [
            72.8555408,
            19.0408537
          ],
          [
            72.8552968,
            19.0404511
          ],
          [
            72.8552218,
            19.0403274
          ],
          [
            72.8551642,
            19.0402324
          ],
          [
            72.8551236,
            19.0401655
          ],
          [
            72.8550851,
            19.0401019
          ],
          [
            72.855024,
            19.0400011
          ],
          [
            72.8550204,
            19.0399952
          ],
          [
            72.8549503,
            19.0398786
          ],
          [
            72.8548658,
            19.0397379
          ],
          [
            72.8548546,
            19.0397192
          ],
          [
            72.8548527,
            19.039716
          ],
          [
            72.8547604,
            19.0395643
          ],
          [
            72.8546976,
            19.0394578
          ],
          [
            72.8546501,
            19.0393788
          ],
          [
            72.8546219,
            19.0393319
          ],
          [
            72.8545889,
            19.0392768
          ],
          [
            72.8545316,
            19.0391816
          ],
          [
            72.8545016,
            19.0391312
          ],
          [
            72.8543914,
            19.038944
          ],
          [
            72.8542988,
            19.0387866
          ],
          [
            72.8541242,
            19.0384895
          ],
          [
            72.8538625,
            19.0380177
          ]
        ]
      },
      "properties": {
        "id": "B3-511",
        "type": "No Parking",
        "permanence": "permanent",
        "division": "Ghatkopar",
        "notification": "289/AddlCP/Traff/Permanent/2019",
        "pdf_url": null,
        "match_confidence": "fuzzy"
      }
    },
    {
      "type": "Feature",
      "geometry": {
        "type": "LineString",
        "coordinates": [
          [
            72.8480146,
            19.1580151
          ],
          [
            72.8485047,
            19.1580013
          ],
          [
            72.8494812,
            19.1579739
          ]
        ]
      },
      "properties": {
        "id": "B3-571",
        "type": "No Parking",
        "permanence": "permanent",
        "division": "Goregaon",
        "notification": "53/AddlCP/Traff/Permanent/2019",
        "pdf_url": null,
        "match_confidence": "exact"
      }
    },
    {
      "type": "Feature",
      "geometry": {
        "type": "LineString",
        "coordinates": [
          [
            72.9533948,
            19.1771199
          ],
          [
            72.9534969,
            19.1767396
          ],
          [
            72.9535773,
            19.1765876
          ],
          [
            72.9538756,
            19.1762354
          ],
          [
            72.954461,
            19.1758112
          ],
          [
            72.9546154,
            19.175706
          ],
          [
            72.9551947,
            19.1752702
          ],
          [
            72.9553323,
            19.1751958
          ],
          [
            72.9555809,
            19.1751157
          ],
          [
            72.9557848,
            19.1750903
          ],
          [
            72.9560745,
            19.1750827
          ],
          [
            72.9562572,
            19.1749148
          ]
        ]
      },
      "properties": {
        "id": "B3-591",
        "type": "No Parking",
        "permanence": "permanent",
        "division": "DCP",
        "notification": "182/AddlCP/Traff/Permanent/2018",
        "pdf_url": null,
        "match_confidence": "exact"
      }
    },
    {
      "type": "Feature",
      "geometry": {
        "type": "LineString",
        "coordinates": [
          [
            72.8312676,
            19.1242258
          ],
          [
            72.832154,
            19.1242201
          ],
          [
            72.8322816,
            19.1242193
          ],
          [
            72.8324901,
            19.1242179
          ],
          [
            72.8326458,
            19.1242169
          ],
          [
            72.832949,
            19.124215
          ],
          [
            72.8332281,
            19.1242184
          ],
          [
            72.8332853,
            19.1242289
          ],
          [
            72.8333072,
            19.1242412
          ],
          [
            72.8333125,
            19.1242709
          ],
          [
            72.8333251,
            19.1243279
          ],
          [
            72.8333796,
            19.1246483
          ],
          [
            72.8334149,
            19.1248561
          ],
          [
            72.8334232,
            19.1249049
          ],
          [
            72.8334323,
            19.1249468
          ]
        ]
      },
      "properties": {
        "id": "B3-618",
        "type": "No Parking",
        "permanence": "permanent",
        "division": "DN Nagar",
        "notification": "49/AddCP/Traff/Permanent/2018",
        "pdf_url": null,
        "match_confidence": "fuzzy"
      }
    },
    {
      "type": "Feature",
      "geometry": {
        "type": "LineString",
        "coordinates": [
          [
            72.8280726,
            19.0961577
          ],
          [
            72.8282018,
            19.095064
          ],
          [
            72.8282602,
            19.0946136
          ],
          [
            72.8282962,
            19.0942983
          ],
          [
            72.8283468,
            19.0935081
          ],
          [
            72.828347,
            19.0933245
          ],
          [
            72.8283533,
            19.0930758
          ],
          [
            72.8283588,
            19.0928572
          ],
          [
            72.828356,
            19.0926079
          ],
          [
            72.8283351,
            19.0924285
          ],
          [
            72.8282589,
            19.0922408
          ],
          [
            72.8281465,
            19.0920999
          ],
          [
            72.8278813,
            19.0917673
          ],
          [
            72.8278216,
            19.09164
          ],
          [
            72.8277738,
            19.091507
          ],
          [
            72.8277139,
            19.0912241
          ],
          [
            72.8276798,
            19.0907486
          ],
          [
            72.8275474,
            19.0897887
          ],
          [
            72.8275276,
            19.0896564
          ],
          [
            72.8274862,
            19.0891039
          ],
          [
            72.827375,
            19.0886787
          ],
          [
            72.8273397,
            19.0884544
          ],
          [
            72.8273065,
            19.0882438
          ],
          [
            72.8272932,
            19.0879621
          ],
          [
            72.8272908,
            19.0876425
          ],
          [
            72.8273658,
            19.0872261
          ],
          [
            72.8273994,
            19.0869746
          ],
          [
            72.8273719,
            19.0866719
          ],
          [
            72.8273624,
            19.0866175
          ],
          [
            72.8273118,
            19.0863273
          ],
          [
            72.8273317,
            19.0861984
          ],
          [
            72.8273721,
            19.0861622
          ],
          [
            72.8274219,
            19.0861052
          ],
          [
            72.8275347,
            19.0860581
          ],
          [
            72.8279258,
            19.0859948
          ],
          [
            72.828394,
            19.085895
          ],
          [
            72.8284916,
            19.0858742
          ],
          [
            72.8287528,
            19.0858168
          ],
          [
            72.8288176,
            19.0858024
          ],
          [
            72.8288843,
            19.0857875
          ],
          [
            72.8291852,
            19.085717
          ],
          [
            72.8294292,
            19.0856538
          ],
          [
            72.8297689,
            19.0855692
          ],
          [
            72.8299605,
            19.0855215
          ],
          [
            72.8309612,
            19.0852471
          ],
          [
            72.8316729,
            19.0850064
          ],
          [
            72.8320866,
            19.0848867
          ],
          [
            72.832145,
            19.0848698
          ],
          [
            72.8322352,
            19.0848472
          ],
          [
            72.8323014,
            19.0848274
          ],
          [
            72.8323832,
            19.084808
          ],
          [
            72.8332309,
            19.0846938
          ],
          [
            72.8345287,
            19.0845189
          ]
        ]
      },
      "properties": {
        "id": "B3-627",
        "type": "No Parking Zone",
        "permanence": "temporary",
        "division": "DCP Sub",
        "notification": "146/DCP/Sub/Traffic/2017",
        "pdf_url": null,
        "match_confidence": "fuzzy"
      }
    },
    {
      "type": "Feature",
      "geometry": {
        "type": "LineString",
        "coordinates": [
          [
            72.8264365,
            19.1048749
          ],
          [
            72.824952,
            19.1048167
          ]
        ]
      },
      "properties": {
        "id": "B3-628",
        "type": "No Parking Zone",
        "permanence": "temporary",
        "division": "DCP Sub",
        "notification": "146/DCP/Sub/Traffic/2017",
        "pdf_url": null,
        "match_confidence": "exact"
      }
    },
    {
      "type": "Feature",
      "geometry": {
        "type": "LineString",
        "coordinates": [
          [
            72.8340099,
            19.0717087
          ],
          [
            72.8340385,
            19.0729564
          ],
          [
            72.8340791,
            19.0741726
          ],
          [
            72.8341331,
            19.0753664
          ],
          [
            72.8342232,
            19.0769236
          ],
          [
            72.8343001,
            19.0782119
          ],
          [
            72.8343203,
            19.0785504
          ],
          [
            72.8343826,
            19.0795797
          ],
          [
            72.8344125,
            19.0800407
          ],
          [
            72.8344115,
            19.0801544
          ],
          [
            72.8344072,
            19.0806326
          ],
          [
            72.8344196,
            19.0817628
          ],
          [
            72.8344422,
            19.0824184
          ],
          [
            72.8344452,
            19.0826118
          ],
          [
            72.8344466,
            19.0826991
          ],
          [
            72.8344509,
            19.082871
          ],
          [
            72.834457,
            19.0832439
          ],
          [
            72.8345138,
            19.0842102
          ],
          [
            72.8345268,
            19.0844459
          ]
        ]
      },
      "properties": {
        "id": "B3-636",
        "type": "No Parking Zone (24 hrs, 1 month, Metro-2A work)",
        "permanence": "temporary",
        "division": "Kandivali (DCP Traffic)",
        "notification": "109/DCP/T/Temporary/2017",
        "pdf_url": null,
        "match_confidence": "exact"
      }
    },
    {
      "type": "Feature",
      "geometry": {
        "type": "LineString",
        "coordinates": [
          [
            72.8170722,
            19.1810484
          ],
          [
            72.816733,
            19.1811027
          ],
          [
            72.8165029,
            19.1811418
          ],
          [
            72.8164154,
            19.1811566
          ],
          [
            72.8160826,
            19.1812072
          ],
          [
            72.8160406,
            19.1812246
          ],
          [
            72.8157839,
            19.1812699
          ],
          [
            72.8154683,
            19.1813185
          ],
          [
            72.8150385,
            19.1813806
          ],
          [
            72.8141868,
            19.1815379
          ],
          [
            72.8139605,
            19.1815794
          ],
          [
            72.8132657,
            19.1817067
          ]
        ]
      },
      "properties": {
        "id": "B3-668",
        "type": "No Parking (24 hrs)",
        "permanence": "temporary",
        "division": "Malad West (Addl CP/Traffic)",
        "notification": "17/Addl.cp/Traffic/Noti./2017",
        "pdf_url": null,
        "match_confidence": "fuzzy"
      }
    },
    {
      "type": "Feature",
      "geometry": {
        "type": "LineString",
        "coordinates": [
          [
            72.8474987,
            19.1156626
          ],
          [
            72.8479332,
            19.1155498
          ],
          [
            72.8481692,
            19.1154915
          ],
          [
            72.8483704,
            19.1154662
          ],
          [
            72.8485778,
            19.1154499
          ],
          [
            72.8487862,
            19.1154622
          ],
          [
            72.8494132,
            19.1154674
          ],
          [
            72.8496927,
            19.1154519
          ],
          [
            72.8502184,
            19.1153724
          ],
          [
            72.8503311,
            19.1153554
          ],
          [
            72.8505144,
            19.1152917
          ],
          [
            72.8508544,
            19.1151587
          ],
          [
            72.8510145,
            19.1150913
          ],
          [
            72.851471,
            19.1148681
          ],
          [
            72.8522703,
            19.1143641
          ],
          [
            72.8528577,
            19.1139937
          ],
          [
            72.8530508,
            19.1138569
          ],
          [
            72.8531324,
            19.1138102
          ],
          [
            72.8535739,
            19.1136237
          ],
          [
            72.8536483,
            19.113607
          ],
          [
            72.8539789,
            19.1135329
          ],
          [
            72.8542283,
            19.1133937
          ]
        ]
      },
      "properties": {
        "id": "B3-672",
        "type": "No Parking (excavation/concretization work)",
        "permanence": "temporary",
        "division": "Andheri West (DCP Sub/Traffic)",
        "notification": "13/DCP(Sub)/Tr/Temp/2017",
        "pdf_url": null,
        "match_confidence": "fuzzy"
      }
    }
  ]
}